quiz_id,difficulty,difficulty_number,country_filename,country_name,flag_image_path,question_text,option_a,option_b,option_c,option_d,correct_answer,correct_option
1,beginner,beginner57,norway,Norway,beginner/begin57_norway.svg,Which country does this flag belong to?,Tonga,Poland,Norway,Indonesia,Norway,C
2,beginner,beginner66,romania,Romania,beginner/begin66_romania.svg,Which country does this flag belong to?,Saudi Arabia,Kenya,British Indian Ocean Territory,Romania,Romania,D
3,beginner,beginner30,guatemala,Guatemala,beginner/begin30_guatemala.svg,Which country does this flag belong to?,Cameroon,"Venezuela, Bolivarian Republic of",Guatemala,Lebanon,Guatemala,C
4,beginner,beginner36,iran_islamic,"Iran, Islamic Republic of",beginner/begin36_iran_islamic.svg,Which country does this flag belong to?,Ethiopia,Gambia,"Iran, Islamic Republic of",Sint Maarten,"Iran, Islamic Republic of",C
5,beginner,beginner39,italy,Italy,beginner/begin39_italy.svg,Which country does this flag belong to?,Sweden,Macao,Rwanda,Italy,Italy,D
6,beginner,beginner72,south_africa,South Africa,beginner/begin72_south_africa.svg,Which country does this flag belong to?,Sweden,South Africa,Spain,Togo,South Africa,B
7,beginner,beginner76,switzerland,Switzerland,beginner/begin76_switzerland.svg,Which country does this flag belong to?,Switzerland,Tunisia,Cameroon,Mongolia,Switzerland,A
8,beginner,beginner64,poland,Poland,beginner/begin64_poland.svg,Which country does this flag belong to?,Cook Islands,Poland,Latvia,Pitcairn,Poland,B
9,beginner,beginner83,venezuela_bolivarian,"Venezuela, Bolivarian Republic of",beginner/begin83_venezuela_bolivarian.svg,Which country does this flag belong to?,Vanuatu,Taiwan (Republic of China),Western Sahara,"Venezuela, Bolivarian Republic of","Venezuela, Bolivarian Republic of",D
10,beginner,beginner44,lebanon,Lebanon,beginner/begin44_lebanon.svg,Which country does this flag belong to?,Benin,Lebanon,Mayotte,Tuvalu,Lebanon,B
11,beginner,beginner77,thailand,Thailand,beginner/begin77_thailand.svg,Which country does this flag belong to?,Costa Rica,Thailand,Latvia,Isle of Man,Thailand,B
12,beginner,beginner61,paraguay,Paraguay,beginner/begin61_paraguay.svg,Which country does this flag belong to?,Kingdom of Eswatini,Nigeria,Montserrat,Paraguay,Paraguay,D
13,beginner,beginner43,latvia,Latvia,beginner/begin43_latvia.svg,Which country does this flag belong to?,Russian Federation,Czech Republic,Latvia,Cambodia,Latvia,C
14,beginner,beginner63,philippines,Philippines,beginner/begin63_philippines.svg,Which country does this flag belong to?,"Virgin Islands, British",Philippines,England,India,Philippines,B
15,beginner,beginner18,cyprus,Cyprus,beginner/begin18_cyprus.svg,Which country does this flag belong to?,Cambodia,Chile,Cyprus,Tokelau,Cyprus,C
16,beginner,beginner20,ecuador,Ecuador,beginner/begin20_ecuador.svg,Which country does this flag belong to?,Ecuador,Åland Islands,Jamaica,Mongolia,Ecuador,A
17,beginner,beginner25,finland,Finland,beginner/begin25_finland.svg,Which country does this flag belong to?,Liberia,Turks and Caicos Islands,South Sudan,Finland,Finland,D
18,beginner,beginner45,libya,Libya,beginner/begin45_libya.svg,Which country does this flag belong to?,Cook Islands,French Southern Territories,Libya,Slovenia,Libya,C
19,beginner,beginner15,costa_rica,Costa Rica,beginner/begin15_costa_rica.svg,Which country does this flag belong to?,Saint Kitts and Nevis,Puerto Rico,Costa Rica,Antigua and Barbuda,Costa Rica,C
20,beginner,beginner28,ghana,Ghana,beginner/begin28_ghana.svg,Which country does this flag belong to?,Greenland,Kazakhstan,Ghana,Falkland Islands,Ghana,C
21,beginner,beginner69,singapore,Singapore,beginner/begin69_singapore.svg,Which country does this flag belong to?,Singapore,Kenya,Kiribati,Zimbabwe,Singapore,A
22,beginner,beginner24,fiji,Fiji,beginner/begin24_fiji.svg,Which country does this flag belong to?,Réunion,French Southern Territories,Fiji,Syrian Arab Republic,Fiji,C
23,beginner,beginner37,ireland,Ireland,beginner/begin37_ireland.svg,Which country does this flag belong to?,Turkmenistan,Samoa,Cameroon,Ireland,Ireland,D
24,beginner,beginner06,bangladesh,Bangladesh,beginner/begin06_bangladesh.svg,Which country does this flag belong to?,Tuvalu,Bangladesh,Albania,Republic of Türkiye,Bangladesh,B
25,beginner,beginner11,cameroon,Cameroon,beginner/begin11_cameroon.svg,Which country does this flag belong to?,Cameroon,Suriname,Mongolia,Belize,Cameroon,A
26,beginner,beginner78,tunisia,Tunisia,beginner/begin78_tunisia.svg,Which country does this flag belong to?,Cape Verde,Cayman Islands,Martinique,Tunisia,Tunisia,D
27,beginner,beginner51,monaco,Monaco,beginner/begin51_monaco.svg,Which country does this flag belong to?,Monaco,Korea Democratic Peoples,Mozambique,Greenland,Monaco,A
28,beginner,beginner67,saudi_arabia,Saudi Arabia,beginner/begin67_saudi_arabia.svg,Which country does this flag belong to?,"Bolivia, Plurinational State of",Saudi Arabia,Mauritania,Indonesia,Saudi Arabia,B
29,beginner,beginner14,colombia,Colombia,beginner/begin14_colombia.svg,Which country does this flag belong to?,Guadeloupe,Colombia,Trinidad and Tobago,Guam,Colombia,B
30,beginner,beginner35,indonesia,Indonesia,beginner/begin35_indonesia.svg,Which country does this flag belong to?,Angola,Indonesia,Saudi Arabia,Puerto Rico,Indonesia,B
31,beginner,beginner60,papua_new_guinea,Papua New Guinea,beginner/begin60_papua_new_guinea.svg,Which country does this flag belong to?,Holy See,Papua New Guinea,Anguilla,Spain,Papua New Guinea,B
32,beginner,beginner10,brazil,Brazil,beginner/begin10_brazil.svg,Which country does this flag belong to?,Denmark,Somalia,Caribbean Netherlands,Brazil,Brazil,D
33,beginner,beginner70,slovakia,Slovakia,beginner/begin70_slovakia.svg,Which country does this flag belong to?,Trinidad and Tobago,Benin,Slovakia,Faroe Islands,Slovakia,C
34,beginner,beginner58,pakistan,Pakistan,beginner/begin58_pakistan.svg,Which country does this flag belong to?,Trinidad and Tobago,France,Saint Kitts and Nevis,Pakistan,Pakistan,D
35,beginner,beginner31,honduras,Honduras,beginner/begin31_honduras.svg,Which country does this flag belong to?,Libya,Hong Kong,Honduras,Guernsey,Honduras,C
36,beginner,beginner13,china,China,beginner/begin13_china.svg,Which country does this flag belong to?,China,Saint Martin,Greece,Uzbekistan,China,A
37,beginner,beginner42,kenya,Kenya,beginner/begin42_kenya.svg,Which country does this flag belong to?,Kenya,Northern Mariana Islands,Croatia,Gibraltar,Kenya,A
38,beginner,beginner46,lithuania,Lithuania,beginner/begin46_lithuania.svg,Which country does this flag belong to?,Lithuania,Kyrgyzstan,French Southern Territories,England,Lithuania,A
39,beginner,beginner54,netherlands,Netherlands,beginner/begin54_netherlands.svg,Which country does this flag belong to?,Zimbabwe,Austria,Papua New Guinea,Netherlands,Netherlands,D
40,beginner,beginner47,luxembourg,Luxembourg,beginner/begin47_luxembourg.svg,Which country does this flag belong to?,Morocco,Martinique,Luxembourg,Macao,Luxembourg,C
41,beginner,beginner73,spain,Spain,beginner/begin73_spain.svg,Which country does this flag belong to?,Ecuador,Mauritius,Spain,Côte d'Ivoire,Spain,C
42,beginner,beginner01,albania,Albania,beginner/begin01_albania.svg,Which country does this flag belong to?,Albania,Liechtenstein,Costa Rica,Cayman Islands,Albania,A
43,beginner,beginner27,germany,Germany,beginner/begin27_germany.svg,Which country does this flag belong to?,Uganda,Croatia,Germany,Pakistan,Germany,C
44,beginner,beginner29,greece,Greece,beginner/begin29_greece.svg,Which country does this flag belong to?,Dominica,Cook Islands,Bosnia and Herzegovina,Greece,Greece,D
45,beginner,beginner12,chile,Chile,beginner/begin12_chile.svg,Which country does this flag belong to?,"Virgin Islands, British",Chile,Bahrain,Myanmar,Chile,B
46,beginner,beginner03,argentina,Argentina,beginner/begin03_argentina.svg,Which country does this flag belong to?,Madagascar,Sierra Leone,Solomon Islands,Argentina,Argentina,D
47,beginner,beginner74,sri_lanka,Sri Lanka,beginner/begin74_sri_lanka.svg,Which country does this flag belong to?,Pitcairn,Georgia,French Polynesia,Sri Lanka,Sri Lanka,D
48,beginner,beginner32,hungary,Hungary,beginner/begin32_hungary.svg,Which country does this flag belong to?,Mozambique,Hungary,Qatar,Bosnia and Herzegovina,Hungary,B
49,beginner,beginner17,cuba,Cuba,beginner/begin17_cuba.svg,Which country does this flag belong to?,Botswana,Zimbabwe,Sweden,Cuba,Cuba,D
50,beginner,beginner09,bosnia_and_herzegovina,Bosnia and Herzegovina,beginner/begin09_bosnia_and_herzegovina.svg,Which country does this flag belong to?,Latvia,Kyrgyzstan,Uganda,Bosnia and Herzegovina,Bosnia and Herzegovina,D
51,beginner,beginner68,serbia,Serbia,beginner/begin68_serbia.svg,Which country does this flag belong to?,Dominica,Germany,Serbia,Nicaragua,Serbia,C
52,beginner,beginner23,ethiopia,Ethiopia,beginner/begin23_ethiopia.svg,Which country does this flag belong to?,Ecuador,"Congo, the Democratic Republic of the",Ethiopia,Germany,Ethiopia,C
53,beginner,beginner22,estonia,Estonia,beginner/begin22_estonia.svg,Which country does this flag belong to?,Estonia,Northern Mariana Islands,Malta,Malawi,Estonia,A
54,beginner,beginner04,australia,Australia,beginner/begin04_australia.svg,Which country does this flag belong to?,"Tanzania, United Republic of",Bouvet Island,Australia,Scotland,Australia,C
55,beginner,beginner34,india,India,beginner/begin34_india.svg,Which country does this flag belong to?,"Bolivia, Plurinational State of",Lesotho,Panama,India,India,D
56,beginner,beginner16,croatia,Croatia,beginner/begin16_croatia.svg,Which country does this flag belong to?,Cyprus,Barbados,Slovenia,Croatia,Croatia,D
57,beginner,beginner59,panama,Panama,beginner/begin59_panama.svg,Which country does this flag belong to?,Montserrat,Grenada,Panama,United Arab Emirates,Panama,C
58,beginner,beginner82,uruguay,Uruguay,beginner/begin82_uruguay.svg,Which country does this flag belong to?,"Saint Helena, Ascension and Tristan da Cunha",Libya,Hungary,Uruguay,Uruguay,D
59,beginner,beginner05,austria,Austria,beginner/begin05_austria.svg,Which country does this flag belong to?,Antigua and Barbuda,Austria,Papua New Guinea,Azerbaijan,Austria,B
60,beginner,beginner52,morocco,Morocco,beginner/begin52_morocco.svg,Which country does this flag belong to?,Niger,Morocco,Mayotte,Singapore,Morocco,B
61,beginner,beginner56,nigeria,Nigeria,beginner/begin56_nigeria.svg,Which country does this flag belong to?,Nigeria,Sint Maarten,Slovenia,England,Nigeria,A
62,beginner,beginner07,belgium,Belgium,beginner/begin07_belgium.svg,Which country does this flag belong to?,Belgium,El Salvador,Pakistan,England,Belgium,A
63,beginner,beginner26,france,France,beginner/begin26_france.svg,Which country does this flag belong to?,French Guiana,Northern Mariana Islands,Comoros,France,France,D
64,beginner,beginner65,portugal,Portugal,beginner/begin65_portugal.svg,Which country does this flag belong to?,Armenia,Tunisia,Guyana,Portugal,Portugal,D
65,beginner,beginner85,zimbabwe,Zimbabwe,beginner/begin85_zimbabwe.svg,Which country does this flag belong to?,Angola,Pakistan,Zimbabwe,Malta,Zimbabwe,C
66,beginner,beginner48,malaysia,Malaysia,beginner/begin48_malaysia.svg,Which country does this flag belong to?,Malaysia,Oman,Iceland,Spain,Malaysia,A
67,beginner,beginner41,japan,Japan,beginner/begin41_japan.svg,Which country does this flag belong to?,Faroe Islands,Haiti,Solomon Islands,Japan,Japan,D
68,beginner,beginner81,united_states,United States,beginner/begin81_united_states.svg,Which country does this flag belong to?,Saint Pierre and Miquelon,United States,Monaco,Heard Island and McDonald Islands,United States,B
69,beginner,beginner49,malta,Malta,beginner/begin49_malta.svg,Which country does this flag belong to?,Malta,Saudi Arabia,Kiribati,Niue,Malta,A
70,beginner,beginner62,peru,Peru,beginner/begin62_peru.svg,Which country does this flag belong to?,Sint Maarten,Yemen,Peru,Australia,Peru,C
71,beginner,beginner40,jamaica,Jamaica,beginner/begin40_jamaica.svg,Which country does this flag belong to?,Caribbean Netherlands,Angola,Zimbabwe,Jamaica,Jamaica,D
72,beginner,beginner02,algeria,Algeria,beginner/begin02_algeria.svg,Which country does this flag belong to?,Jamaica,Paraguay,Benin,Algeria,Algeria,D
73,beginner,beginner75,sweden,Sweden,beginner/begin75_sweden.svg,Which country does this flag belong to?,Sweden,United States,Hong Kong,Tonga,Sweden,A
74,beginner,beginner33,iceland,Iceland,beginner/begin33_iceland.svg,Which country does this flag belong to?,Martinique,Isle of Man,Sudan,Iceland,Iceland,D
75,beginner,beginner84,vietnam,Vietnam,beginner/begin84_vietnam.svg,Which country does this flag belong to?,South Georgia and the South Sandwich Islands,Vietnam,Greenland,Antigua and Barbuda,Vietnam,B
76,beginner,beginner55,new_zealand,New Zealand,beginner/begin55_new_zealand.svg,Which country does this flag belong to?,Oman,New Zealand,Syrian Arab Republic,Russian Federation,New Zealand,B
77,beginner,beginner08,bolivia_plurinational,"Bolivia, Plurinational State of",beginner/begin08_bolivia_plurinational.svg,Which country does this flag belong to?,Mexico,Maldives,Thailand,"Bolivia, Plurinational State of","Bolivia, Plurinational State of",D
78,beginner,beginner38,israel,Israel,beginner/begin38_israel.svg,Which country does this flag belong to?,Cocos Islands,Portugal,Korea Democratic Peoples,Israel,Israel,D
79,beginner,beginner80,united_kingdom,United Kingdom,beginner/begin80_united_kingdom.svg,Which country does this flag belong to?,Barbados,Mayotte,United Kingdom,Taiwan (Republic of China),United Kingdom,C
80,beginner,beginner50,mexico,Mexico,beginner/begin50_mexico.svg,Which country does this flag belong to?,French Polynesia,Mexico,Rwanda,Taiwan (Republic of China),Mexico,B
81,beginner,beginner79,ukraine,Ukraine,beginner/begin79_ukraine.svg,Which country does this flag belong to?,Western Sahara,Ukraine,Argentina,British Indian Ocean Territory,Ukraine,B
82,beginner,beginner71,slovenia,Slovenia,beginner/begin71_slovenia.svg,Which country does this flag belong to?,Spain,Saint Barthélemy,Malta,Slovenia,Slovenia,D
83,beginner,beginner21,egypt,Egypt,beginner/begin21_egypt.svg,Which country does this flag belong to?,Egypt,Gabon,Panama,Palau,Egypt,A
84,beginner,beginner19,denmark,Denmark,beginner/begin19_denmark.svg,Which country does this flag belong to?,Guinea,Northern Ireland,Denmark,United Kingdom,Denmark,C
85,beginner,beginner53,nepal,Nepal,beginner/begin53_nepal.svg,Which country does this flag belong to?,French Southern Territories,Nepal,American Samoa,Bosnia and Herzegovina,Nepal,B
86,intermediate,intermediate39,liechtenstein,Liechtenstein,intermediate/inter39_liechtenstein.svg,Which country does this flag belong to?,Liechtenstein,Lesotho,Haiti,Burundi,Liechtenstein,A
87,intermediate,intermediate31,iraq,Iraq,intermediate/inter31_iraq.svg,Which country does this flag belong to?,Bermuda,Liberia,Iraq,Solomon Islands,Iraq,C
88,intermediate,intermediate27,georgia,Georgia,intermediate/inter27_georgia.svg,Which country does this flag belong to?,Georgia,Saint Lucia,Cape Verde,Trinidad and Tobago,Georgia,A
89,intermediate,intermediate71,togo,Togo,intermediate/inter71_togo.svg,Which country does this flag belong to?,Togo,Mali,Oman,Malta,Togo,A
90,intermediate,intermediate13,bulgaria,Bulgaria,intermediate/inter13_bulgaria.svg,Which country does this flag belong to?,Algeria,Solomon Islands,Saudi Arabia,Bulgaria,Bulgaria,D
91,intermediate,intermediate36,kuwait,Kuwait,intermediate/inter36_kuwait.svg,Which country does this flag belong to?,Macao,Vanuatu,Kuwait,Côte d'Ivoire,Kuwait,C
92,intermediate,intermediate81,virgin_islands_british,"Virgin Islands, British",intermediate/inter81_virgin_islands_british.svg,Which country does this flag belong to?,"Virgin Islands, British",Lebanon,French Southern Territories,Monaco,"Virgin Islands, British",A
93,intermediate,intermediate70,tajikistan,Tajikistan,intermediate/inter70_tajikistan.svg,Which country does this flag belong to?,Tajikistan,Saint Pierre and Miquelon,Czech Republic,"Saint Helena, Ascension and Tristan da Cunha",Tajikistan,A
94,intermediate,intermediate34,korea,"Korea, Republic of",intermediate/inter34_korea.svg,Which country does this flag belong to?,"Korea, Republic of",Cocos Islands,Singapore,American Samoa,"Korea, Republic of",A
95,intermediate,intermediate42,maldives,Maldives,intermediate/inter42_maldives.svg,Which country does this flag belong to?,Maldives,Uruguay,Central African Republic,Canada,Maldives,A
96,intermediate,intermediate58,oman,Oman,intermediate/inter58_oman.svg,Which country does this flag belong to?,Oman,"Congo, the Democratic Republic of the",Barbados,Bermuda,Oman,A
97,intermediate,intermediate04,anguilla,Anguilla,intermediate/inter04_anguilla.svg,Which country does this flag belong to?,Russian Federation,Panama,Ghana,Anguilla,Anguilla,D
98,intermediate,intermediate80,vanuatu,Vanuatu,intermediate/inter80_vanuatu.svg,Which country does this flag belong to?,Vanuatu,Saint Barthélemy,Uganda,Monaco,Vanuatu,A
99,intermediate,intermediate50,mongolia,Mongolia,intermediate/inter50_mongolia.svg,Which country does this flag belong to?,Indonesia,Mongolia,Sierra Leone,Kosovo,Mongolia,B
100,intermediate,intermediate68,suriname,Suriname,intermediate/inter68_suriname.svg,Which country does this flag belong to?,Nepal,Brunei Darussalam,Suriname,Wallis and Futuna Islands,Suriname,C
101,intermediate,intermediate19,chad,Chad,intermediate/inter19_chad.svg,Which country does this flag belong to?,Moldova,Bhutan,Chad,Sierra Leone,Chad,C
102,intermediate,intermediate32,jordan,Jordan,intermediate/inter32_jordan.svg,Which country does this flag belong to?,Anguilla,Jordan,Burkina Faso,Solomon Islands,Jordan,B
103,intermediate,intermediate33,kazakhstan,Kazakhstan,intermediate/inter33_kazakhstan.svg,Which country does this flag belong to?,Kazakhstan,Greenland,Ireland,Slovakia,Kazakhstan,A
104,intermediate,intermediate24,french_southern_territories,French Southern Territories,intermediate/inter24_french_southern_territories.svg,Which country does this flag belong to?,Burkina Faso,French Southern Territories,Costa Rica,Germany,French Southern Territories,B
105,intermediate,intermediate06,azerbaijan,Azerbaijan,intermediate/inter06_azerbaijan.svg,Which country does this flag belong to?,French Guiana,Cayman Islands,Sao Tome and Principe,Azerbaijan,Azerbaijan,D
106,intermediate,intermediate21,dominica,Dominica,intermediate/inter21_dominica.svg,Which country does this flag belong to?,Turkmenistan,Bahamas,Dominica,Bouvet Island,Dominica,C
107,intermediate,intermediate53,myanmar,Myanmar,intermediate/inter53_myanmar.svg,Which country does this flag belong to?,"Saint Helena, Ascension and Tristan da Cunha",Falkland Islands,Myanmar,Czech Republic,Myanmar,C
108,intermediate,intermediate83,wallis_and_futuna_islands,Wallis and Futuna Islands,intermediate/inter83_wallis_and_futuna_islands.svg,Which country does this flag belong to?,Wallis and Futuna Islands,Faroe Islands,Cocos Islands,Ethiopia,Wallis and Futuna Islands,A
109,intermediate,intermediate56,niger,Niger,intermediate/inter56_niger.svg,Which country does this flag belong to?,Djibouti,Benin,Niger,Panama,Niger,C
110,intermediate,intermediate07,bahrain,Bahrain,intermediate/inter07_bahrain.svg,Which country does this flag belong to?,Bahrain,French Guiana,Saint Lucia,Brazil,Bahrain,A
111,intermediate,intermediate67,sudan,Sudan,intermediate/inter67_sudan.svg,Which country does this flag belong to?,Turks and Caicos Islands,Sudan,Andorra,Bosnia and Herzegovina,Sudan,B
112,intermediate,intermediate08,belarus,Belarus,intermediate/inter08_belarus.svg,Which country does this flag belong to?,Azerbaijan,Tokelau,Belarus,Colombia,Belarus,C
113,intermediate,intermediate45,mauritania,Mauritania,intermediate/inter45_mauritania.svg,Which country does this flag belong to?,Romania,Kyrgyzstan,Sao Tome and Principe,Mauritania,Mauritania,D
114,intermediate,intermediate43,mali,Mali,intermediate/inter43_mali.svg,Which country does this flag belong to?,Saint Vincent and the Grenadines,Mali,Cyprus,Guyana,Mali,B
115,intermediate,intermediate51,montenegro,Montenegro,intermediate/inter51_montenegro.svg,Which country does this flag belong to?,Montenegro,Jordan,Singapore,Ireland,Montenegro,A
116,intermediate,intermediate59,qatar,Qatar,intermediate/inter59_qatar.svg,Which country does this flag belong to?,Chad,Qatar,Ireland,Mozambique,Qatar,B
117,intermediate,intermediate48,micronesia,"Micronesia, Federated States of",intermediate/inter48_micronesia.svg,Which country does this flag belong to?,Norfolk Island,"Micronesia, Federated States of",Palau,Holy See,"Micronesia, Federated States of",B
118,intermediate,intermediate20,czech_republic,Czech Republic,intermediate/inter20_czech_republic.svg,Which country does this flag belong to?,Switzerland,Czech Republic,Antigua and Barbuda,Mauritius,Czech Republic,B
119,intermediate,intermediate18,central_african_republic,Central African Republic,intermediate/inter18_central_african_republic.svg,Which country does this flag belong to?,Martinique,Central African Republic,Spain,Yemen,Central African Republic,B
120,intermediate,intermediate11,botswana,Botswana,intermediate/inter11_botswana.svg,Which country does this flag belong to?,Ecuador,Botswana,Guatemala,England,Botswana,B
121,intermediate,intermediate54,namibia,Namibia,intermediate/inter54_namibia.svg,Which country does this flag belong to?,Grenada,Namibia,China,Liberia,Namibia,B
122,intermediate,intermediate25,gabon,Gabon,intermediate/inter25_gabon.svg,Which country does this flag belong to?,Finland,Djibouti,United States,Gabon,Gabon,D
123,intermediate,intermediate28,guinea-bissau,Guinea-Bissau,intermediate/inter28_guinea-bissau.svg,Which country does this flag belong to?,Kingdom of Eswatini,Honduras,Guinea-Bissau,Botswana,Guinea-Bissau,C
124,intermediate,intermediate22,dominican_republic,Dominican Republic,intermediate/inter22_dominican_republic.svg,Which country does this flag belong to?,Dominican Republic,American Samoa,Philippines,Kosovo,Dominican Republic,A
125,intermediate,intermediate64,senegal,Senegal,intermediate/inter64_senegal.svg,Which country does this flag belong to?,Senegal,Philippines,Marshall Islands,Norfolk Island,Senegal,A
126,intermediate,intermediate55,nicaragua,Nicaragua,intermediate/inter55_nicaragua.svg,Which country does this flag belong to?,Russian Federation,Kenya,Dominica,Nicaragua,Nicaragua,D
127,intermediate,intermediate17,caribbean_netherlands,Caribbean Netherlands,intermediate/inter17_caribbean_netherlands.svg,Which country does this flag belong to?,Nauru,Moldova,South Africa,Caribbean Netherlands,Caribbean Netherlands,D
128,intermediate,intermediate62,samoa,Samoa,intermediate/inter62_samoa.svg,Which country does this flag belong to?,Nauru,Tajikistan,Samoa,Christmas Island,Samoa,C
129,intermediate,intermediate63,san_marino,San Marino,intermediate/inter63_san_marino.svg,Which country does this flag belong to?,Senegal,San Marino,Zambia,New Zealand,San Marino,B
130,intermediate,intermediate77,united_arab_emirates,United Arab Emirates,intermediate/inter77_united_arab_emirates.svg,Which country does this flag belong to?,United Arab Emirates,Nigeria,Saint Martin,Uzbekistan,United Arab Emirates,A
131,intermediate,intermediate03,angola,Angola,intermediate/inter03_angola.svg,Which country does this flag belong to?,Thailand,Turks and Caicos Islands,Samoa,Angola,Angola,D
132,intermediate,intermediate74,turkmenistan,Turkmenistan,intermediate/inter74_turkmenistan.svg,Which country does this flag belong to?,Turkmenistan,Mauritania,"Virgin Islands, British",Zimbabwe,Turkmenistan,A
133,intermediate,intermediate57,north_macedonia,North Macedonia,intermediate/inter57_north_macedonia.svg,Which country does this flag belong to?,Sint Maarten,Antigua and Barbuda,North Macedonia,Libya,North Macedonia,C
134,intermediate,intermediate38,laos,Laos,intermediate/inter38_laos.svg,Which country does this flag belong to?,Belarus,Laos,Burundi,"Tanzania, United Republic of",Laos,B
135,intermediate,intermediate78,us_minor_outlying_islands,US Minor Outlying Islands,intermediate/inter78_us_minor_outlying_islands.svg,Which country does this flag belong to?,Nigeria,Solomon Islands,Guinea,US Minor Outlying Islands,US Minor Outlying Islands,D
136,intermediate,intermediate16,canada,Canada,intermediate/inter16_canada.svg,Which country does this flag belong to?,Kazakhstan,Saint Pierre and Miquelon,Canada,Thailand,Canada,C
137,intermediate,intermediate65,seychelles,Seychelles,intermediate/inter65_seychelles.svg,Which country does this flag belong to?,Seychelles,Albania,Northern Ireland,Mauritania,Seychelles,A
138,intermediate,intermediate82,virgin_islands_us,Virgin Islands Us,intermediate/inter82_virgin_islands_us.svg,Which country does this flag belong to?,Virgin Islands Us,Saudi Arabia,Senegal,Côte d'Ivoire,Virgin Islands Us,A
139,intermediate,intermediate52,mozambique,Mozambique,intermediate/inter52_mozambique.svg,Which country does this flag belong to?,Mozambique,Cook Islands,Iceland,Grenada,Mozambique,A
140,intermediate,intermediate76,uganda,Uganda,intermediate/inter76_uganda.svg,Which country does this flag belong to?,United States,Uganda,Timor-Leste,Scotland,Uganda,B
141,intermediate,intermediate35,kosovo,Kosovo,intermediate/inter35_kosovo.svg,Which country does this flag belong to?,Wallis and Futuna Islands,Kosovo,Benin,Comoros,Kosovo,B
142,intermediate,intermediate79,uzbekistan,Uzbekistan,intermediate/inter79_uzbekistan.svg,Which country does this flag belong to?,Honduras,Uzbekistan,French Guiana,Belgium,Uzbekistan,B
143,intermediate,intermediate44,martinique,Martinique,intermediate/inter44_martinique.svg,Which country does this flag belong to?,"Saint Helena, Ascension and Tristan da Cunha",Martinique,American Samoa,Germany,Martinique,B
144,intermediate,intermediate49,moldova,Moldova,intermediate/inter49_moldova.svg,Which country does this flag belong to?,Moldova,Saint Lucia,Switzerland,French Polynesia,Moldova,A
145,intermediate,intermediate26,gambia,Gambia,intermediate/inter26_gambia.svg,Which country does this flag belong to?,Cuba,Georgia,Gambia,Austria,Gambia,C
146,intermediate,intermediate29,guyana,Guyana,intermediate/inter29_guyana.svg,Which country does this flag belong to?,Guyana,Albania,Singapore,Guam,Guyana,A
147,intermediate,intermediate60,saint_kitts_and_nevis,Saint Kitts and Nevis,intermediate/inter60_saint_kitts_and_nevis.svg,Which country does this flag belong to?,Slovenia,Jersey,Saint Kitts and Nevis,Albania,Saint Kitts and Nevis,C
148,intermediate,intermediate85,zambia,Zambia,intermediate/inter85_zambia.svg,Which country does this flag belong to?,Zambia,Uzbekistan,Ghana,Tuvalu,Zambia,A
149,intermediate,intermediate14,burkina_faso,Burkina Faso,intermediate/inter14_burkina_faso.svg,Which country does this flag belong to?,Burkina Faso,Ethiopia,Lithuania,Uruguay,Burkina Faso,A
150,intermediate,intermediate01,afghanistan,Afghanistan,intermediate/inter01_afghanistan.svg,Which country does this flag belong to?,Afghanistan,Slovakia,Switzerland,New Caledonia,Afghanistan,A
151,intermediate,intermediate69,syrian_arab_republic,Syrian Arab Republic,intermediate/inter69_syrian_arab_republic.svg,Which country does this flag belong to?,Qatar,Syrian Arab Republic,Guam,Gambia,Syrian Arab Republic,B
152,intermediate,intermediate40,macao,Macao,intermediate/inter40_macao.svg,Which country does this flag belong to?,Nauru,Australia,Macao,Kiribati,Macao,C
153,intermediate,intermediate61,saint_lucia,Saint Lucia,intermediate/inter61_saint_lucia.svg,Which country does this flag belong to?,Europe,Tokelau,Saint Lucia,Luxembourg,Saint Lucia,C
154,intermediate,intermediate09,belize,Belize,intermediate/inter09_belize.svg,Which country does this flag belong to?,Moldova,Belize,"Venezuela, Bolivarian Republic of",Tuvalu,Belize,B
155,intermediate,intermediate66,somalia,Somalia,intermediate/inter66_somalia.svg,Which country does this flag belong to?,Côte d'Ivoire,Czech Republic,Somalia,Estonia,Somalia,C
156,intermediate,intermediate84,yemen,Yemen,intermediate/inter84_yemen.svg,Which country does this flag belong to?,Yemen,"Tanzania, United Republic of",Armenia,Uruguay,Yemen,A
157,intermediate,intermediate72,tokelau,Tokelau,intermediate/inter72_tokelau.svg,Which country does this flag belong to?,Tokelau,Togo,Belarus,Antarctica,Tokelau,A
158,intermediate,intermediate30,haiti,Haiti,intermediate/inter30_haiti.svg,Which country does this flag belong to?,North Macedonia,"Iran, Islamic Republic of",Colombia,Haiti,Haiti,D
159,intermediate,intermediate12,brunei_darussalam,Brunei Darussalam,intermediate/inter12_brunei_darussalam.svg,Which country does this flag belong to?,Northern Ireland,Brunei Darussalam,Montenegro,Jordan,Brunei Darussalam,B
160,intermediate,intermediate47,mayotte,Mayotte,intermediate/inter47_mayotte.svg,Which country does this flag belong to?,Portugal,Israel,Equatorial Guinea,Mayotte,Mayotte,D
161,intermediate,intermediate05,armenia,Armenia,intermediate/inter05_armenia.svg,Which country does this flag belong to?,Rwanda,Saint Martin,Armenia,Nigeria,Armenia,C
162,intermediate,intermediate75,tuvalu,Tuvalu,intermediate/inter75_tuvalu.svg,Which country does this flag belong to?,Qatar,Tuvalu,Austria,Holy See,Tuvalu,B
163,intermediate,intermediate46,mauritius,Mauritius,intermediate/inter46_mauritius.svg,Which country does this flag belong to?,Mauritius,Bosnia and Herzegovina,South Sudan,Philippines,Mauritius,A
164,intermediate,intermediate15,cambodia,Cambodia,intermediate/inter15_cambodia.svg,Which country does this flag belong to?,Japan,Cambodia,Cayman Islands,Åland Islands,Cambodia,B
165,intermediate,intermediate73,tonga,Tonga,intermediate/inter73_tonga.svg,Which country does this flag belong to?,Sweden,Bouvet Island,Europe,Tonga,Tonga,D
166,intermediate,intermediate10,bhutan,Bhutan,intermediate/inter10_bhutan.svg,Which country does this flag belong to?,Dominica,Saint Pierre and Miquelon,Bhutan,Saint Lucia,Bhutan,C
167,intermediate,intermediate23,el_salvador,El Salvador,intermediate/inter23_el_salvador.svg,Which country does this flag belong to?,Nicaragua,Azerbaijan,Uruguay,El Salvador,El Salvador,D
168,intermediate,intermediate37,kyrgyzstan,Kyrgyzstan,intermediate/inter37_kyrgyzstan.svg,Which country does this flag belong to?,South Georgia and the South Sandwich Islands,Kenya,Kyrgyzstan,Malta,Kyrgyzstan,C
169,intermediate,intermediate41,madagascar,Madagascar,intermediate/inter41_madagascar.svg,Which country does this flag belong to?,Brunei Darussalam,Isle of Man,Madagascar,Haiti,Madagascar,C
170,intermediate,intermediate02,american_samoa,American Samoa,intermediate/inter02_american_samoa.svg,Which country does this flag belong to?,Saint Lucia,American Samoa,Saint Barthélemy,Western Sahara,American Samoa,B
171,high,high68,saint_pierre_and_miquelon,Saint Pierre and Miquelon,high/high68_saint_pierre_and_miquelon.svg,Which country does this flag belong to?,Niue,Saint Pierre and Miquelon,Slovenia,Croatia,Saint Pierre and Miquelon,B
172,high,high15,cocos_islands,Cocos Islands,high/high15_cocos_islands.svg,Which country does this flag belong to?,Cocos Islands,British Indian Ocean Territory,Benin,Aruba,Cocos Islands,A
173,high,high22,england,England,high/high22_england.svg,Which country does this flag belong to?,England,Colombia,China,Saint Barthélemy,England,A
174,high,high72,sierra_leone,Sierra Leone,high/high72_sierra_leone.svg,Which country does this flag belong to?,Comoros,Sierra Leone,Haiti,Chile,Sierra Leone,B
175,high,high08,bermuda,Bermuda,high/high08_bermuda.svg,Which country does this flag belong to?,Bermuda,Peru,Isle of Man,Moldova,Bermuda,A
176,high,high44,korea_democratic_peoples,Korea Democratic Peoples,high/high44_korea_democratic_peoples.svg,Which country does this flag belong to?,Jamaica,Falkland Islands,South Georgia and the South Sandwich Islands,Korea Democratic Peoples,Korea Democratic Peoples,D
177,high,high23,equatorial_guinea,Equatorial Guinea,high/high23_equatorial_guinea.svg,Which country does this flag belong to?,Belarus,Equatorial Guinea,Caribbean Netherlands,Togo,Equatorial Guinea,B
178,high,high75,south_georgia_and_the_south_sandwich_islands,South Georgia and the South Sandwich Islands,high/high75_south_georgia_and_the_south_sandwich_islands.svg,Which country does this flag belong to?,South Georgia and the South Sandwich Islands,Belarus,Bahrain,Svalbard and Jan Mayen Islands,South Georgia and the South Sandwich Islands,A
179,high,high69,saint_vincent_and_the_grenadines,Saint Vincent and the Grenadines,high/high69_saint_vincent_and_the_grenadines.svg,Which country does this flag belong to?,Saint Vincent and the Grenadines,Syrian Arab Republic,Antigua and Barbuda,Eritrea,Saint Vincent and the Grenadines,A
180,high,high79,tanzania_united,"Tanzania, United Republic of",high/high79_tanzania_united.svg,Which country does this flag belong to?,"Tanzania, United Republic of",Kenya,Tonga,Christmas Island,"Tanzania, United Republic of",A
181,high,high51,new_caledonia,New Caledonia,high/high51_new_caledonia.svg,Which country does this flag belong to?,New Caledonia,Georgia,Turks and Caicos Islands,Faroe Islands,New Caledonia,A
182,high,high40,isle_of_man,Isle of Man,high/high40_isle_of_man.svg,Which country does this flag belong to?,"Korea, Republic of",Isle of Man,Germany,Nauru,Isle of Man,B
183,high,high20,côte_divoire,Côte d'Ivoire,high/high20_côte_divoire.svg,Which country does this flag belong to?,Hong Kong,Côte d'Ivoire,Slovakia,French Guiana,Côte d'Ivoire,B
184,high,high41,jersey,Jersey,high/high41_jersey.svg,Which country does this flag belong to?,Ghana,Tonga,Mali,Jersey,Jersey,D
185,high,high73,sint_maarten,Sint Maarten,high/high73_sint_maarten.svg,Which country does this flag belong to?,Sint Maarten,Fiji,Montserrat,Jersey,Sint Maarten,A
186,high,high34,guam,Guam,high/high34_guam.svg,Which country does this flag belong to?,Indonesia,"Bolivia, Plurinational State of",Sudan,Guam,Guam,D
187,high,high04,aruba,Aruba,high/high04_aruba.svg,Which country does this flag belong to?,Aruba,Belize,Panama,Guinea,Aruba,A
188,high,high58,pitcairn,Pitcairn,high/high58_pitcairn.svg,Which country does this flag belong to?,Bhutan,Pitcairn,South Georgia and the South Sandwich Islands,Saint Barthélemy,Pitcairn,B
189,high,high71,scotland,Scotland,high/high71_scotland.svg,Which country does this flag belong to?,Taiwan (Republic of China),Uruguay,Scotland,Sierra Leone,Scotland,C
190,high,high10,british_indian_ocean_territory,British Indian Ocean Territory,high/high10_british_indian_ocean_territory.svg,Which country does this flag belong to?,Turkmenistan,Afghanistan,British Indian Ocean Territory,Andorra,British Indian Ocean Territory,C
191,high,high25,europe,Europe,high/high25_europe.svg,Which country does this flag belong to?,Europe,Greece,Suriname,Somalia,Europe,A
192,high,high43,kiribati,Kiribati,high/high43_kiribati.svg,Which country does this flag belong to?,United Arab Emirates,Ireland,Kiribati,Luxembourg,Kiribati,C
193,high,high06,barbados,Barbados,high/high06_barbados.svg,Which country does this flag belong to?,Cyprus,Barbados,Rwanda,Uruguay,Barbados,B
194,high,high28,french_guiana,French Guiana,high/high28_french_guiana.svg,Which country does this flag belong to?,French Guiana,Pitcairn,Virgin Islands Us,Wales,French Guiana,A
195,high,high14,christmas_island,Christmas Island,high/high14_christmas_island.svg,Which country does this flag belong to?,Christmas Island,Caribbean Netherlands,Saint Martin,Saint Pierre and Miquelon,Christmas Island,A
196,high,high48,marshall_islands,Marshall Islands,high/high48_marshall_islands.svg,Which country does this flag belong to?,Marshall Islands,Guernsey,Virgin Islands Us,Papua New Guinea,Marshall Islands,A
197,high,high38,holy_see,Holy See,high/high38_holy_see.svg,Which country does this flag belong to?,Holy See,Belarus,Uruguay,Croatia,Holy See,A
198,high,high82,turks_and_caicos_islands,Turks and Caicos Islands,high/high82_turks_and_caicos_islands.svg,Which country does this flag belong to?,Turks and Caicos Islands,Kyrgyzstan,Montserrat,Mozambique,Turks and Caicos Islands,A
199,high,high11,burundi,Burundi,high/high11_burundi.svg,Which country does this flag belong to?,Canada,Réunion,Burundi,Montenegro,Burundi,C
200,high,high76,south_sudan,South Sudan,high/high76_south_sudan.svg,Which country does this flag belong to?,Lithuania,South Sudan,Myanmar,Anguilla,South Sudan,B
201,high,high01,andorra,Andorra,high/high01_andorra.svg,Which country does this flag belong to?,Andorra,"Tanzania, United Republic of",Mauritius,Germany,Andorra,A
202,high,high47,malawi,Malawi,high/high47_malawi.svg,Which country does this flag belong to?,Marshall Islands,Mozambique,Malawi,Uganda,Malawi,C
203,high,high65,saint_barthélemy,Saint Barthélemy,high/high65_saint_barthélemy.svg,Which country does this flag belong to?,Sierra Leone,Saint Barthélemy,Chad,Cook Islands,Saint Barthélemy,B
204,high,high61,republic_of_türkiye,Republic of Türkiye,high/high61_republic_of_türkiye.svg,Which country does this flag belong to?,Republic of Türkiye,"Micronesia, Federated States of",British Indian Ocean Territory,Kenya,Republic of Türkiye,A
205,high,high36,guinea,Guinea,high/high36_guinea.svg,Which country does this flag belong to?,Guinea,Egypt,US Minor Outlying Islands,Europe,Guinea,A
206,high,high29,french_polynesia,French Polynesia,high/high29_french_polynesia.svg,Which country does this flag belong to?,Armenia,French Polynesia,Solomon Islands,"Bolivia, Plurinational State of",French Polynesia,B
207,high,high05,bahamas,Bahamas,high/high05_bahamas.svg,Which country does this flag belong to?,Vietnam,Republic of the Congo,Bahamas,Pitcairn,Bahamas,C
208,high,high18,cook_islands,Cook Islands,high/high18_cook_islands.svg,Which country does this flag belong to?,El Salvador,Marshall Islands,Saudi Arabia,Cook Islands,Cook Islands,D
209,high,high63,rwanda,Rwanda,high/high63_rwanda.svg,Which country does this flag belong to?,Gibraltar,"Korea, Republic of",Zambia,Rwanda,Rwanda,D
210,high,high35,guernsey,Guernsey,high/high35_guernsey.svg,Which country does this flag belong to?,Guernsey,Bouvet Island,Botswana,Sint Maarten,Guernsey,A
211,high,high19,curaçao,Curaçao,high/high19_curaçao.svg,Which country does this flag belong to?,Cook Islands,Curaçao,Djibouti,Ethiopia,Curaçao,B
212,high,high54,northern_ireland,Northern Ireland,high/high54_northern_ireland.svg,Which country does this flag belong to?,Russian Federation,Northern Ireland,Svalbard and Jan Mayen Islands,Europe,Northern Ireland,B
213,high,high80,timor-leste,Timor-Leste,high/high80_timor-leste.svg,Which country does this flag belong to?,Afghanistan,Malaysia,Timor-Leste,Greece,Timor-Leste,C
214,high,high07,benin,Benin,high/high07_benin.svg,Which country does this flag belong to?,Mexico,Benin,Pakistan,Grenada,Benin,B
215,high,high62,russian_federation,Russian Federation,high/high62_russian_federation.svg,Which country does this flag belong to?,Saint Kitts and Nevis,Russian Federation,China,Gabon,Russian Federation,B
216,high,high77,svalbard_and_jan_mayen_islands,Svalbard and Jan Mayen Islands,high/high77_svalbard_and_jan_mayen_islands.svg,Which country does this flag belong to?,Svalbard and Jan Mayen Islands,Scotland,Haiti,Indonesia,Svalbard and Jan Mayen Islands,A
217,high,high46,liberia,Liberia,high/high46_liberia.svg,Which country does this flag belong to?,Liberia,Cameroon,Mexico,Mauritius,Liberia,A
218,high,high24,eritrea,Eritrea,high/high24_eritrea.svg,Which country does this flag belong to?,Cayman Islands,Cyprus,Eritrea,US Minor Outlying Islands,Eritrea,C
219,high,high66,saint_helena_ascension_and_tristan_da_cunha,"Saint Helena, Ascension and Tristan da Cunha",high/high66_saint_helena_ascension_and_tristan_da_cunha.svg,Which country does this flag belong to?,"Saint Helena, Ascension and Tristan da Cunha",Philippines,Poland,France,"Saint Helena, Ascension and Tristan da Cunha",A
220,high,high49,montserrat,Montserrat,high/high49_montserrat.svg,Which country does this flag belong to?,El Salvador,Montserrat,Korea Democratic Peoples,San Marino,Montserrat,B
221,high,high56,palau,Palau,high/high56_palau.svg,Which country does this flag belong to?,"Virgin Islands, British",Nigeria,Virgin Islands Us,Palau,Palau,D
222,high,high13,cayman_islands,Cayman Islands,high/high13_cayman_islands.svg,Which country does this flag belong to?,Cayman Islands,Nauru,Zambia,United Arab Emirates,Cayman Islands,A
223,high,high42,kingdom_of_eswatini,Kingdom of Eswatini,high/high42_kingdom_of_eswatini.svg,Which country does this flag belong to?,Greenland,Kingdom of Eswatini,"Saint Helena, Ascension and Tristan da Cunha",United Kingdom,Kingdom of Eswatini,B
224,high,high57,palestine,Palestine,high/high57_palestine.svg,Which country does this flag belong to?,Zambia,Christmas Island,"Bolivia, Plurinational State of",Palestine,Palestine,D
225,high,high02,antarctica,Antarctica,high/high02_antarctica.svg,Which country does this flag belong to?,Zimbabwe,Lebanon,Antarctica,Saint Vincent and the Grenadines,Antarctica,C
226,high,high81,trinidad_and_tobago,Trinidad and Tobago,high/high81_trinidad_and_tobago.svg,Which country does this flag belong to?,Ireland,Wallis and Futuna Islands,Trinidad and Tobago,Åland Islands,Trinidad and Tobago,C
227,high,high53,norfolk_island,Norfolk Island,high/high53_norfolk_island.svg,Which country does this flag belong to?,Norfolk Island,Czech Republic,Kosovo,India,Norfolk Island,A
228,high,high31,greenland,Greenland,high/high31_greenland.svg,Which country does this flag belong to?,Greenland,Timor-Leste,San Marino,Grenada,Greenland,A
229,high,high52,niue,Niue,high/high52_niue.svg,Which country does this flag belong to?,Gabon,South Sudan,China,Niue,Niue,D
230,high,high70,sao_tome_and_principe,Sao Tome and Principe,high/high70_sao_tome_and_principe.svg,Which country does this flag belong to?,Sao Tome and Principe,Seychelles,Bulgaria,Jordan,Sao Tome and Principe,A
231,high,high64,réunion,Réunion,high/high64_réunion.svg,Which country does this flag belong to?,Central African Republic,Libya,French Guiana,Réunion,Réunion,D
232,high,high60,republic_of_the_congo,Republic of the Congo,high/high60_republic_of_the_congo.svg,Which country does this flag belong to?,Republic of the Congo,Slovakia,Togo,Thailand,Republic of the Congo,A
233,high,high17,congo_the_democratic_the,"Congo, the Democratic Republic of the",high/high17_congo_the_democratic_the.svg,Which country does this flag belong to?,Caribbean Netherlands,Tokelau,"Congo, the Democratic Republic of the",Mexico,"Congo, the Democratic Republic of the",C
234,high,high21,djibouti,Djibouti,high/high21_djibouti.svg,Which country does this flag belong to?,Kenya,Djibouti,Vietnam,Equatorial Guinea,Djibouti,B
235,high,high59,puerto_rico,Puerto Rico,high/high59_puerto_rico.svg,Which country does this flag belong to?,Puerto Rico,Slovenia,Aruba,United Kingdom,Puerto Rico,A
236,high,high26,falkland_islands,Falkland Islands,high/high26_falkland_islands.svg,Which country does this flag belong to?,South Sudan,Singapore,Falkland Islands,Egypt,Falkland Islands,C
237,high,high32,grenada,Grenada,high/high32_grenada.svg,Which country does this flag belong to?,Lesotho,Germany,South Sudan,Grenada,Grenada,D
238,high,high84,western_sahara,Western Sahara,high/high84_western_sahara.svg,Which country does this flag belong to?,Ecuador,Western Sahara,Slovakia,Thailand,Western Sahara,B
239,high,high55,northern_mariana_islands,Northern Mariana Islands,high/high55_northern_mariana_islands.svg,Which country does this flag belong to?,Denmark,Ireland,Martinique,Northern Mariana Islands,Northern Mariana Islands,D
240,high,high37,heard_island_and_mcdonald_islands,Heard Island and McDonald Islands,high/high37_heard_island_and_mcdonald_islands.svg,Which country does this flag belong to?,Antigua and Barbuda,Tokelau,Mayotte,Heard Island and McDonald Islands,Heard Island and McDonald Islands,D
241,high,high16,comoros,Comoros,high/high16_comoros.svg,Which country does this flag belong to?,Indonesia,Comoros,Mayotte,Trinidad and Tobago,Comoros,B
242,high,high83,wales,Wales,high/high83_wales.svg,Which country does this flag belong to?,Thailand,Kyrgyzstan,Wales,"Virgin Islands, British",Wales,C
243,high,high03,antigua_and_barbuda,Antigua and Barbuda,high/high03_antigua_and_barbuda.svg,Which country does this flag belong to?,"Saint Helena, Ascension and Tristan da Cunha",Cambodia,Comoros,Antigua and Barbuda,Antigua and Barbuda,D
244,high,high67,saint_martin,Saint Martin,high/high67_saint_martin.svg,Which country does this flag belong to?,Antarctica,Liechtenstein,Ukraine,Saint Martin,Saint Martin,D
245,high,high50,nauru,Nauru,high/high50_nauru.svg,Which country does this flag belong to?,Saint Barthélemy,American Samoa,Nauru,"Congo, the Democratic Republic of the",Nauru,C
246,high,high33,guadeloupe,Guadeloupe,high/high33_guadeloupe.svg,Which country does this flag belong to?,Trinidad and Tobago,Guadeloupe,Senegal,Japan,Guadeloupe,B
247,high,high09,bouvet_island,Bouvet Island,high/high09_bouvet_island.svg,Which country does this flag belong to?,Saint Kitts and Nevis,Malta,Czech Republic,Bouvet Island,Bouvet Island,D
248,high,high30,gibraltar,Gibraltar,high/high30_gibraltar.svg,Which country does this flag belong to?,Madagascar,India,Gibraltar,Republic of Türkiye,Gibraltar,C
249,high,high45,lesotho,Lesotho,high/high45_lesotho.svg,Which country does this flag belong to?,Virgin Islands Us,Equatorial Guinea,Lesotho,Liechtenstein,Lesotho,C
250,high,high12,cape_verde,Cape Verde,high/high12_cape_verde.svg,Which country does this flag belong to?,Central African Republic,Réunion,Cape Verde,Czech Republic,Cape Verde,C
251,high,high78,taiwan,Taiwan (Republic of China),high/high78_taiwan.svg,Which country does this flag belong to?,Western Sahara,Taiwan (Republic of China),Jersey,Saint Barthélemy,Taiwan (Republic of China),B
252,high,high39,hong_kong,Hong Kong,high/high39_hong_kong.svg,Which country does this flag belong to?,Aruba,Hong Kong,Myanmar,Lithuania,Hong Kong,B
253,high,high74,solomon_islands,Solomon Islands,high/high74_solomon_islands.svg,Which country does this flag belong to?,Norfolk Island,Brazil,Chile,Solomon Islands,Solomon Islands,D
254,high,high27,faroe_islands,Faroe Islands,high/high27_faroe_islands.svg,Which country does this flag belong to?,Ukraine,Pakistan,Mauritius,Faroe Islands,Faroe Islands,D
255,high,high85,åland_islands,Åland Islands,high/high85_åland_islands.svg,Which country does this flag belong to?,Tunisia,Costa Rica,North Macedonia,Åland Islands,Åland Islands,D
