set_id,quiz_id,difficulty,difficulty_number,country_filename,country_name,flag_image_path,image,question_text,option_a,option_b,option_c,option_d,correct_answer,correct_option
Set_01,1,beginner,beginner01,albania,Albania,Set_01_001_(albania).png,https://davidlikescat.github.io/003_CC_Flags/canva_upload_ready/flag_images/png/Set_01_001_(albania).png,Which country does this flag belong to?,Albania,Liechtenstein,Costa Rica,Cayman Islands,Albania,A
Set_01,2,intermediate,intermediate01,afghanistan,Afghanistan,Set_01_002_(afghanistan).png,https://davidlikescat.github.io/003_CC_Flags/canva_upload_ready/flag_images/png/Set_01_002_(afghanistan).png,Which country does this flag belong to?,Afghanistan,Slovakia,Switzerland,New Caledonia,Afghanistan,A
Set_01,3,high,high01,andorra,Andorra,Set_01_003_(andorra).png,https://davidlikescat.github.io/003_CC_Flags/canva_upload_ready/flag_images/png/Set_01_003_(andorra).png,Which country does this flag belong to?,Andorra,"Tanzania, United Republic of",Mauritius,Germany,Andorra,A
Set_02,4,beginner,beginner02,algeria,Algeria,Set_02_004_(algeria).png,https://davidlikescat.github.io/003_CC_Flags/canva_upload_ready/flag_images/png/Set_02_004_(algeria).png,Which country does this flag belong to?,Jamaica,Paraguay,Benin,Algeria,Algeria,D
Set_02,5,intermediate,intermediate02,american_samoa,American Samoa,Set_02_005_(american_samoa).png,https://davidlikescat.github.io/003_CC_Flags/canva_upload_ready/flag_images/png/Set_02_005_(american_samoa).png,Which country does this flag belong to?,Saint Lucia,American Samoa,Saint Barthélemy,Western Sahara,American Samoa,B
Set_02,6,high,high02,antarctica,Antarctica,Set_02_006_(antarctica).png,https://davidlikescat.github.io/003_CC_Flags/canva_upload_ready/flag_images/png/Set_02_006_(antarctica).png,Which country does this flag belong to?,Zimbabwe,Lebanon,Antarctica,Saint Vincent and the Grenadines,Antarctica,C
Set_03,7,beginner,beginner03,argentina,Argentina,Set_03_007_(argentina).png,https://davidlikescat.github.io/003_CC_Flags/canva_upload_ready/flag_images/png/Set_03_007_(argentina).png,Which country does this flag belong to?,Madagascar,Sierra Leone,Solomon Islands,Argentina,Argentina,D
Set_03,8,intermediate,intermediate03,angola,Angola,Set_03_008_(angola).png,https://davidlikescat.github.io/003_CC_Flags/canva_upload_ready/flag_images/png/Set_03_008_(angola).png,Which country does this flag belong to?,Thailand,Turks and Caicos Islands,Samoa,Angola,Angola,D
Set_03,9,high,high03,antigua_and_barbuda,Antigua and Barbuda,Set_03_009_(antigua_and_barbuda).png,https://davidlikescat.github.io/003_CC_Flags/canva_upload_ready/flag_images/png/Set_03_009_(antigua_and_barbuda).png,Which country does this flag belong to?,"Saint Helena, Ascension and Tristan da Cunha",Cambodia,Comoros,Antigua and Barbuda,Antigua and Barbuda,D
Set_04,10,beginner,beginner04,australia,Australia,Set_04_010_(australia).png,https://davidlikescat.github.io/003_CC_Flags/canva_upload_ready/flag_images/png/Set_04_010_(australia).png,Which country does this flag belong to?,"Tanzania, United Republic of",Bouvet Island,Australia,Scotland,Australia,C
Set_04,11,intermediate,intermediate04,anguilla,Anguilla,Set_04_011_(anguilla).png,https://davidlikescat.github.io/003_CC_Flags/canva_upload_ready/flag_images/png/Set_04_011_(anguilla).png,Which country does this flag belong to?,Russian Federation,Panama,Ghana,Anguilla,Anguilla,D
Set_04,12,high,high04,aruba,Aruba,Set_04_012_(aruba).png,https://davidlikescat.github.io/003_CC_Flags/canva_upload_ready/flag_images/png/Set_04_012_(aruba).png,Which country does this flag belong to?,Aruba,Belize,Panama,Guinea,Aruba,A
Set_05,13,beginner,beginner05,austria,Austria,Set_05_013_(austria).png,https://davidlikescat.github.io/003_CC_Flags/canva_upload_ready/flag_images/png/Set_05_013_(austria).png,Which country does this flag belong to?,Antigua and Barbuda,Austria,Papua New Guinea,Azerbaijan,Austria,B
Set_05,14,intermediate,intermediate05,armenia,Armenia,Set_05_014_(armenia).png,https://davidlikescat.github.io/003_CC_Flags/canva_upload_ready/flag_images/png/Set_05_014_(armenia).png,Which country does this flag belong to?,Rwanda,Saint Martin,Armenia,Nigeria,Armenia,C
Set_05,15,high,high05,bahamas,Bahamas,Set_05_015_(bahamas).png,https://davidlikescat.github.io/003_CC_Flags/canva_upload_ready/flag_images/png/Set_05_015_(bahamas).png,Which country does this flag belong to?,Vietnam,Republic of the Congo,Bahamas,Pitcairn,Bahamas,C
Set_06,16,beginner,beginner06,bangladesh,Bangladesh,Set_06_016_(bangladesh).png,https://davidlikescat.github.io/003_CC_Flags/canva_upload_ready/flag_images/png/Set_06_016_(bangladesh).png,Which country does this flag belong to?,Tuvalu,Bangladesh,Albania,Republic of Türkiye,Bangladesh,B
Set_06,17,intermediate,intermediate06,azerbaijan,Azerbaijan,Set_06_017_(azerbaijan).png,https://davidlikescat.github.io/003_CC_Flags/canva_upload_ready/flag_images/png/Set_06_017_(azerbaijan).png,Which country does this flag belong to?,French Guiana,Cayman Islands,Sao Tome and Principe,Azerbaijan,Azerbaijan,D
Set_06,18,high,high06,barbados,Barbados,Set_06_018_(barbados).png,https://davidlikescat.github.io/003_CC_Flags/canva_upload_ready/flag_images/png/Set_06_018_(barbados).png,Which country does this flag belong to?,Cyprus,Barbados,Rwanda,Uruguay,Barbados,B
Set_07,19,beginner,beginner07,belgium,Belgium,Set_07_019_(belgium).png,https://davidlikescat.github.io/003_CC_Flags/canva_upload_ready/flag_images/png/Set_07_019_(belgium).png,Which country does this flag belong to?,Belgium,El Salvador,Pakistan,England,Belgium,A
Set_07,20,intermediate,intermediate07,bahrain,Bahrain,Set_07_020_(bahrain).png,https://davidlikescat.github.io/003_CC_Flags/canva_upload_ready/flag_images/png/Set_07_020_(bahrain).png,Which country does this flag belong to?,Bahrain,French Guiana,Saint Lucia,Brazil,Bahrain,A
Set_07,21,high,high07,benin,Benin,Set_07_021_(benin).png,https://davidlikescat.github.io/003_CC_Flags/canva_upload_ready/flag_images/png/Set_07_021_(benin).png,Which country does this flag belong to?,Mexico,Benin,Pakistan,Grenada,Benin,B
Set_08,22,beginner,beginner08,bolivia_plurinational,"Bolivia, Plurinational State of",Set_08_022_(bolivia_plurinational).png,https://davidlikescat.github.io/003_CC_Flags/canva_upload_ready/flag_images/png/Set_08_022_(bolivia_plurinational).png,Which country does this flag belong to?,Mexico,Maldives,Thailand,"Bolivia, Plurinational State of","Bolivia, Plurinational State of",D
Set_08,23,intermediate,intermediate08,belarus,Belarus,Set_08_023_(belarus).png,https://davidlikescat.github.io/003_CC_Flags/canva_upload_ready/flag_images/png/Set_08_023_(belarus).png,Which country does this flag belong to?,Azerbaijan,Tokelau,Belarus,Colombia,Belarus,C
Set_08,24,high,high08,bermuda,Bermuda,Set_08_024_(bermuda).png,https://davidlikescat.github.io/003_CC_Flags/canva_upload_ready/flag_images/png/Set_08_024_(bermuda).png,Which country does this flag belong to?,Bermuda,Peru,Isle of Man,Moldova,Bermuda,A
Set_09,25,beginner,beginner09,bosnia_and_herzegovina,Bosnia and Herzegovina,Set_09_025_(bosnia_and_herzegovina).png,https://davidlikescat.github.io/003_CC_Flags/canva_upload_ready/flag_images/png/Set_09_025_(bosnia_and_herzegovina).png,Which country does this flag belong to?,Latvia,Kyrgyzstan,Uganda,Bosnia and Herzegovina,Bosnia and Herzegovina,D
Set_09,26,intermediate,intermediate09,belize,Belize,Set_09_026_(belize).png,https://davidlikescat.github.io/003_CC_Flags/canva_upload_ready/flag_images/png/Set_09_026_(belize).png,Which country does this flag belong to?,Moldova,Belize,"Venezuela, Bolivarian Republic of",Tuvalu,Belize,B
Set_09,27,high,high09,bouvet_island,Bouvet Island,Set_09_027_(bouvet_island).png,https://davidlikescat.github.io/003_CC_Flags/canva_upload_ready/flag_images/png/Set_09_027_(bouvet_island).png,Which country does this flag belong to?,Saint Kitts and Nevis,Malta,Czech Republic,Bouvet Island,Bouvet Island,D
Set_10,28,beginner,beginner10,brazil,Brazil,Set_10_028_(brazil).png,https://davidlikescat.github.io/003_CC_Flags/canva_upload_ready/flag_images/png/Set_10_028_(brazil).png,Which country does this flag belong to?,Denmark,Somalia,Caribbean Netherlands,Brazil,Brazil,D
Set_10,29,intermediate,intermediate10,bhutan,Bhutan,Set_10_029_(bhutan).png,https://davidlikescat.github.io/003_CC_Flags/canva_upload_ready/flag_images/png/Set_10_029_(bhutan).png,Which country does this flag belong to?,Dominica,Saint Pierre and Miquelon,Bhutan,Saint Lucia,Bhutan,C
Set_10,30,high,high10,british_indian_ocean_territory,British Indian Ocean Territory,Set_10_030_(british_indian_ocean_territory).png,https://davidlikescat.github.io/003_CC_Flags/canva_upload_ready/flag_images/png/Set_10_030_(british_indian_ocean_territory).png,Which country does this flag belong to?,Turkmenistan,Afghanistan,British Indian Ocean Territory,Andorra,British Indian Ocean Territory,C
Set_11,31,beginner,beginner11,cameroon,Cameroon,Set_11_031_(cameroon).png,https://davidlikescat.github.io/003_CC_Flags/canva_upload_ready/flag_images/png/Set_11_031_(cameroon).png,Which country does this flag belong to?,Cameroon,Suriname,Mongolia,Belize,Cameroon,A
Set_11,32,intermediate,intermediate11,botswana,Botswana,Set_11_032_(botswana).png,https://davidlikescat.github.io/003_CC_Flags/canva_upload_ready/flag_images/png/Set_11_032_(botswana).png,Which country does this flag belong to?,Ecuador,Botswana,Guatemala,England,Botswana,B
Set_11,33,high,high11,burundi,Burundi,Set_11_033_(burundi).png,https://davidlikescat.github.io/003_CC_Flags/canva_upload_ready/flag_images/png/Set_11_033_(burundi).png,Which country does this flag belong to?,Canada,Réunion,Burundi,Montenegro,Burundi,C
Set_12,34,beginner,beginner12,chile,Chile,Set_12_034_(chile).png,https://davidlikescat.github.io/003_CC_Flags/canva_upload_ready/flag_images/png/Set_12_034_(chile).png,Which country does this flag belong to?,"Virgin Islands, British",Chile,Bahrain,Myanmar,Chile,B
Set_12,35,intermediate,intermediate12,brunei_darussalam,Brunei Darussalam,Set_12_035_(brunei_darussalam).png,https://davidlikescat.github.io/003_CC_Flags/canva_upload_ready/flag_images/png/Set_12_035_(brunei_darussalam).png,Which country does this flag belong to?,Northern Ireland,Brunei Darussalam,Montenegro,Jordan,Brunei Darussalam,B
Set_12,36,high,high12,cape_verde,Cape Verde,Set_12_036_(cape_verde).png,https://davidlikescat.github.io/003_CC_Flags/canva_upload_ready/flag_images/png/Set_12_036_(cape_verde).png,Which country does this flag belong to?,Central African Republic,Réunion,Cape Verde,Czech Republic,Cape Verde,C
Set_13,37,beginner,beginner13,china,China,Set_13_037_(china).png,https://davidlikescat.github.io/003_CC_Flags/canva_upload_ready/flag_images/png/Set_13_037_(china).png,Which country does this flag belong to?,China,Saint Martin,Greece,Uzbekistan,China,A
Set_13,38,intermediate,intermediate13,bulgaria,Bulgaria,Set_13_038_(bulgaria).png,https://davidlikescat.github.io/003_CC_Flags/canva_upload_ready/flag_images/png/Set_13_038_(bulgaria).png,Which country does this flag belong to?,Algeria,Solomon Islands,Saudi Arabia,Bulgaria,Bulgaria,D
Set_13,39,high,high13,cayman_islands,Cayman Islands,Set_13_039_(cayman_islands).png,https://davidlikescat.github.io/003_CC_Flags/canva_upload_ready/flag_images/png/Set_13_039_(cayman_islands).png,Which country does this flag belong to?,Cayman Islands,Nauru,Zambia,United Arab Emirates,Cayman Islands,A
Set_14,40,beginner,beginner14,colombia,Colombia,Set_14_040_(colombia).png,https://davidlikescat.github.io/003_CC_Flags/canva_upload_ready/flag_images/png/Set_14_040_(colombia).png,Which country does this flag belong to?,Guadeloupe,Colombia,Trinidad and Tobago,Guam,Colombia,B
Set_14,41,intermediate,intermediate14,burkina_faso,Burkina Faso,Set_14_041_(burkina_faso).png,https://davidlikescat.github.io/003_CC_Flags/canva_upload_ready/flag_images/png/Set_14_041_(burkina_faso).png,Which country does this flag belong to?,Burkina Faso,Ethiopia,Lithuania,Uruguay,Burkina Faso,A
Set_14,42,high,high14,christmas_island,Christmas Island,Set_14_042_(christmas_island).png,https://davidlikescat.github.io/003_CC_Flags/canva_upload_ready/flag_images/png/Set_14_042_(christmas_island).png,Which country does this flag belong to?,Christmas Island,Caribbean Netherlands,Saint Martin,Saint Pierre and Miquelon,Christmas Island,A
Set_15,43,beginner,beginner15,costa_rica,Costa Rica,Set_15_043_(costa_rica).png,https://davidlikescat.github.io/003_CC_Flags/canva_upload_ready/flag_images/png/Set_15_043_(costa_rica).png,Which country does this flag belong to?,Saint Kitts and Nevis,Puerto Rico,Costa Rica,Antigua and Barbuda,Costa Rica,C
Set_15,44,intermediate,intermediate15,cambodia,Cambodia,Set_15_044_(cambodia).png,https://davidlikescat.github.io/003_CC_Flags/canva_upload_ready/flag_images/png/Set_15_044_(cambodia).png,Which country does this flag belong to?,Japan,Cambodia,Cayman Islands,Åland Islands,Cambodia,B
Set_15,45,high,high15,cocos_islands,Cocos Islands,Set_15_045_(cocos_islands).png,https://davidlikescat.github.io/003_CC_Flags/canva_upload_ready/flag_images/png/Set_15_045_(cocos_islands).png,Which country does this flag belong to?,Cocos Islands,British Indian Ocean Territory,Benin,Aruba,Cocos Islands,A
Set_16,46,beginner,beginner16,croatia,Croatia,Set_16_046_(croatia).png,https://davidlikescat.github.io/003_CC_Flags/canva_upload_ready/flag_images/png/Set_16_046_(croatia).png,Which country does this flag belong to?,Cyprus,Barbados,Slovenia,Croatia,Croatia,D
Set_16,47,intermediate,intermediate16,canada,Canada,Set_16_047_(canada).png,https://davidlikescat.github.io/003_CC_Flags/canva_upload_ready/flag_images/png/Set_16_047_(canada).png,Which country does this flag belong to?,Kazakhstan,Saint Pierre and Miquelon,Canada,Thailand,Canada,C
Set_16,48,high,high16,comoros,Comoros,Set_16_048_(comoros).png,https://davidlikescat.github.io/003_CC_Flags/canva_upload_ready/flag_images/png/Set_16_048_(comoros).png,Which country does this flag belong to?,Indonesia,Comoros,Mayotte,Trinidad and Tobago,Comoros,B
Set_17,49,beginner,beginner17,cuba,Cuba,Set_17_049_(cuba).png,https://davidlikescat.github.io/003_CC_Flags/canva_upload_ready/flag_images/png/Set_17_049_(cuba).png,Which country does this flag belong to?,Botswana,Zimbabwe,Sweden,Cuba,Cuba,D
Set_17,50,intermediate,intermediate17,caribbean_netherlands,Caribbean Netherlands,Set_17_050_(caribbean_netherlands).png,https://davidlikescat.github.io/003_CC_Flags/canva_upload_ready/flag_images/png/Set_17_050_(caribbean_netherlands).png,Which country does this flag belong to?,Nauru,Moldova,South Africa,Caribbean Netherlands,Caribbean Netherlands,D
Set_17,51,high,high17,congo_the_democratic_the,"Congo, the Democratic Republic of the",Set_17_051_(congo_the_democratic_the).png,https://davidlikescat.github.io/003_CC_Flags/canva_upload_ready/flag_images/png/Set_17_051_(congo_the_democratic_the).png,Which country does this flag belong to?,Caribbean Netherlands,Tokelau,"Congo, the Democratic Republic of the",Mexico,"Congo, the Democratic Republic of the",C
Set_18,52,beginner,beginner18,cyprus,Cyprus,Set_18_052_(cyprus).png,https://davidlikescat.github.io/003_CC_Flags/canva_upload_ready/flag_images/png/Set_18_052_(cyprus).png,Which country does this flag belong to?,Cambodia,Chile,Cyprus,Tokelau,Cyprus,C
Set_18,53,intermediate,intermediate18,central_african_republic,Central African Republic,Set_18_053_(central_african_republic).png,https://davidlikescat.github.io/003_CC_Flags/canva_upload_ready/flag_images/png/Set_18_053_(central_african_republic).png,Which country does this flag belong to?,Martinique,Central African Republic,Spain,Yemen,Central African Republic,B
Set_18,54,high,high18,cook_islands,Cook Islands,Set_18_054_(cook_islands).png,https://davidlikescat.github.io/003_CC_Flags/canva_upload_ready/flag_images/png/Set_18_054_(cook_islands).png,Which country does this flag belong to?,El Salvador,Marshall Islands,Saudi Arabia,Cook Islands,Cook Islands,D
Set_19,55,beginner,beginner19,denmark,Denmark,Set_19_055_(denmark).png,https://davidlikescat.github.io/003_CC_Flags/canva_upload_ready/flag_images/png/Set_19_055_(denmark).png,Which country does this flag belong to?,Guinea,Northern Ireland,Denmark,United Kingdom,Denmark,C
Set_19,56,intermediate,intermediate19,chad,Chad,Set_19_056_(chad).png,https://davidlikescat.github.io/003_CC_Flags/canva_upload_ready/flag_images/png/Set_19_056_(chad).png,Which country does this flag belong to?,Moldova,Bhutan,Chad,Sierra Leone,Chad,C
Set_19,57,high,high19,curaçao,Curaçao,Set_19_057_(curaçao).png,https://davidlikescat.github.io/003_CC_Flags/canva_upload_ready/flag_images/png/Set_19_057_(curaçao).png,Which country does this flag belong to?,Cook Islands,Curaçao,Djibouti,Ethiopia,Curaçao,B
Set_20,58,beginner,beginner20,ecuador,Ecuador,Set_20_058_(ecuador).png,https://davidlikescat.github.io/003_CC_Flags/canva_upload_ready/flag_images/png/Set_20_058_(ecuador).png,Which country does this flag belong to?,Ecuador,Åland Islands,Jamaica,Mongolia,Ecuador,A
Set_20,59,intermediate,intermediate20,czech_republic,Czech Republic,Set_20_059_(czech_republic).png,https://davidlikescat.github.io/003_CC_Flags/canva_upload_ready/flag_images/png/Set_20_059_(czech_republic).png,Which country does this flag belong to?,Switzerland,Czech Republic,Antigua and Barbuda,Mauritius,Czech Republic,B
Set_20,60,high,high20,côte_divoire,Côte d'Ivoire,Set_20_060_(côte_divoire).png,https://davidlikescat.github.io/003_CC_Flags/canva_upload_ready/flag_images/png/Set_20_060_(côte_divoire).png,Which country does this flag belong to?,Hong Kong,Côte d'Ivoire,Slovakia,French Guiana,Côte d'Ivoire,B
Set_21,61,beginner,beginner21,egypt,Egypt,Set_21_061_(egypt).png,https://davidlikescat.github.io/003_CC_Flags/canva_upload_ready/flag_images/png/Set_21_061_(egypt).png,Which country does this flag belong to?,Egypt,Gabon,Panama,Palau,Egypt,A
Set_21,62,intermediate,intermediate21,dominica,Dominica,Set_21_062_(dominica).png,https://davidlikescat.github.io/003_CC_Flags/canva_upload_ready/flag_images/png/Set_21_062_(dominica).png,Which country does this flag belong to?,Turkmenistan,Bahamas,Dominica,Bouvet Island,Dominica,C
Set_21,63,high,high21,djibouti,Djibouti,Set_21_063_(djibouti).png,https://davidlikescat.github.io/003_CC_Flags/canva_upload_ready/flag_images/png/Set_21_063_(djibouti).png,Which country does this flag belong to?,Kenya,Djibouti,Vietnam,Equatorial Guinea,Djibouti,B
Set_22,64,beginner,beginner22,estonia,Estonia,Set_22_064_(estonia).png,https://davidlikescat.github.io/003_CC_Flags/canva_upload_ready/flag_images/png/Set_22_064_(estonia).png,Which country does this flag belong to?,Estonia,Northern Mariana Islands,Malta,Malawi,Estonia,A
Set_22,65,intermediate,intermediate22,dominican_republic,Dominican Republic,Set_22_065_(dominican_republic).png,https://davidlikescat.github.io/003_CC_Flags/canva_upload_ready/flag_images/png/Set_22_065_(dominican_republic).png,Which country does this flag belong to?,Dominican Republic,American Samoa,Philippines,Kosovo,Dominican Republic,A
Set_22,66,high,high22,england,England,Set_22_066_(england).png,https://davidlikescat.github.io/003_CC_Flags/canva_upload_ready/flag_images/png/Set_22_066_(england).png,Which country does this flag belong to?,England,Colombia,China,Saint Barthélemy,England,A
Set_23,67,beginner,beginner23,ethiopia,Ethiopia,Set_23_067_(ethiopia).png,https://davidlikescat.github.io/003_CC_Flags/canva_upload_ready/flag_images/png/Set_23_067_(ethiopia).png,Which country does this flag belong to?,Ecuador,"Congo, the Democratic Republic of the",Ethiopia,Germany,Ethiopia,C
Set_23,68,intermediate,intermediate23,el_salvador,El Salvador,Set_23_068_(el_salvador).png,https://davidlikescat.github.io/003_CC_Flags/canva_upload_ready/flag_images/png/Set_23_068_(el_salvador).png,Which country does this flag belong to?,Nicaragua,Azerbaijan,Uruguay,El Salvador,El Salvador,D
Set_23,69,high,high23,equatorial_guinea,Equatorial Guinea,Set_23_069_(equatorial_guinea).png,https://davidlikescat.github.io/003_CC_Flags/canva_upload_ready/flag_images/png/Set_23_069_(equatorial_guinea).png,Which country does this flag belong to?,Belarus,Equatorial Guinea,Caribbean Netherlands,Togo,Equatorial Guinea,B
Set_24,70,beginner,beginner24,fiji,Fiji,Set_24_070_(fiji).png,https://davidlikescat.github.io/003_CC_Flags/canva_upload_ready/flag_images/png/Set_24_070_(fiji).png,Which country does this flag belong to?,Réunion,French Southern Territories,Fiji,Syrian Arab Republic,Fiji,C
Set_24,71,intermediate,intermediate24,french_southern_territories,French Southern Territories,Set_24_071_(french_southern_territories).png,https://davidlikescat.github.io/003_CC_Flags/canva_upload_ready/flag_images/png/Set_24_071_(french_southern_territories).png,Which country does this flag belong to?,Burkina Faso,French Southern Territories,Costa Rica,Germany,French Southern Territories,B
Set_24,72,high,high24,eritrea,Eritrea,Set_24_072_(eritrea).png,https://davidlikescat.github.io/003_CC_Flags/canva_upload_ready/flag_images/png/Set_24_072_(eritrea).png,Which country does this flag belong to?,Cayman Islands,Cyprus,Eritrea,US Minor Outlying Islands,Eritrea,C
Set_25,73,beginner,beginner25,finland,Finland,Set_25_073_(finland).png,https://davidlikescat.github.io/003_CC_Flags/canva_upload_ready/flag_images/png/Set_25_073_(finland).png,Which country does this flag belong to?,Liberia,Turks and Caicos Islands,South Sudan,Finland,Finland,D
Set_25,74,intermediate,intermediate25,gabon,Gabon,Set_25_074_(gabon).png,https://davidlikescat.github.io/003_CC_Flags/canva_upload_ready/flag_images/png/Set_25_074_(gabon).png,Which country does this flag belong to?,Finland,Djibouti,United States,Gabon,Gabon,D
Set_25,75,high,high25,europe,Europe,Set_25_075_(europe).png,https://davidlikescat.github.io/003_CC_Flags/canva_upload_ready/flag_images/png/Set_25_075_(europe).png,Which country does this flag belong to?,Europe,Greece,Suriname,Somalia,Europe,A
Set_26,76,beginner,beginner26,france,France,Set_26_076_(france).png,https://davidlikescat.github.io/003_CC_Flags/canva_upload_ready/flag_images/png/Set_26_076_(france).png,Which country does this flag belong to?,French Guiana,Northern Mariana Islands,Comoros,France,France,D
Set_26,77,intermediate,intermediate26,gambia,Gambia,Set_26_077_(gambia).png,https://davidlikescat.github.io/003_CC_Flags/canva_upload_ready/flag_images/png/Set_26_077_(gambia).png,Which country does this flag belong to?,Cuba,Georgia,Gambia,Austria,Gambia,C
Set_26,78,high,high26,falkland_islands,Falkland Islands,Set_26_078_(falkland_islands).png,https://davidlikescat.github.io/003_CC_Flags/canva_upload_ready/flag_images/png/Set_26_078_(falkland_islands).png,Which country does this flag belong to?,South Sudan,Singapore,Falkland Islands,Egypt,Falkland Islands,C
Set_27,79,beginner,beginner27,germany,Germany,Set_27_079_(germany).png,https://davidlikescat.github.io/003_CC_Flags/canva_upload_ready/flag_images/png/Set_27_079_(germany).png,Which country does this flag belong to?,Uganda,Croatia,Germany,Pakistan,Germany,C
Set_27,80,intermediate,intermediate27,georgia,Georgia,Set_27_080_(georgia).png,https://davidlikescat.github.io/003_CC_Flags/canva_upload_ready/flag_images/png/Set_27_080_(georgia).png,Which country does this flag belong to?,Georgia,Saint Lucia,Cape Verde,Trinidad and Tobago,Georgia,A
Set_27,81,high,high27,faroe_islands,Faroe Islands,Set_27_081_(faroe_islands).png,https://davidlikescat.github.io/003_CC_Flags/canva_upload_ready/flag_images/png/Set_27_081_(faroe_islands).png,Which country does this flag belong to?,Ukraine,Pakistan,Mauritius,Faroe Islands,Faroe Islands,D
Set_28,82,beginner,beginner28,ghana,Ghana,Set_28_082_(ghana).png,https://davidlikescat.github.io/003_CC_Flags/canva_upload_ready/flag_images/png/Set_28_082_(ghana).png,Which country does this flag belong to?,Greenland,Kazakhstan,Ghana,Falkland Islands,Ghana,C
Set_28,83,intermediate,intermediate28,guinea-bissau,Guinea-Bissau,Set_28_083_(guinea-bissau).png,https://davidlikescat.github.io/003_CC_Flags/canva_upload_ready/flag_images/png/Set_28_083_(guinea-bissau).png,Which country does this flag belong to?,Kingdom of Eswatini,Honduras,Guinea-Bissau,Botswana,Guinea-Bissau,C
Set_28,84,high,high28,french_guiana,French Guiana,Set_28_084_(french_guiana).png,https://davidlikescat.github.io/003_CC_Flags/canva_upload_ready/flag_images/png/Set_28_084_(french_guiana).png,Which country does this flag belong to?,French Guiana,Pitcairn,Virgin Islands Us,Wales,French Guiana,A
Set_29,85,beginner,beginner29,greece,Greece,Set_29_085_(greece).png,https://davidlikescat.github.io/003_CC_Flags/canva_upload_ready/flag_images/png/Set_29_085_(greece).png,Which country does this flag belong to?,Dominica,Cook Islands,Bosnia and Herzegovina,Greece,Greece,D
Set_29,86,intermediate,intermediate29,guyana,Guyana,Set_29_086_(guyana).png,https://davidlikescat.github.io/003_CC_Flags/canva_upload_ready/flag_images/png/Set_29_086_(guyana).png,Which country does this flag belong to?,Guyana,Albania,Singapore,Guam,Guyana,A
Set_29,87,high,high29,french_polynesia,French Polynesia,Set_29_087_(french_polynesia).png,https://davidlikescat.github.io/003_CC_Flags/canva_upload_ready/flag_images/png/Set_29_087_(french_polynesia).png,Which country does this flag belong to?,Armenia,French Polynesia,Solomon Islands,"Bolivia, Plurinational State of",French Polynesia,B
Set_30,88,beginner,beginner30,guatemala,Guatemala,Set_30_088_(guatemala).png,https://davidlikescat.github.io/003_CC_Flags/canva_upload_ready/flag_images/png/Set_30_088_(guatemala).png,Which country does this flag belong to?,Cameroon,"Venezuela, Bolivarian Republic of",Guatemala,Lebanon,Guatemala,C
Set_30,89,intermediate,intermediate30,haiti,Haiti,Set_30_089_(haiti).png,https://davidlikescat.github.io/003_CC_Flags/canva_upload_ready/flag_images/png/Set_30_089_(haiti).png,Which country does this flag belong to?,North Macedonia,"Iran, Islamic Republic of",Colombia,Haiti,Haiti,D
Set_30,90,high,high30,gibraltar,Gibraltar,Set_30_090_(gibraltar).png,https://davidlikescat.github.io/003_CC_Flags/canva_upload_ready/flag_images/png/Set_30_090_(gibraltar).png,Which country does this flag belong to?,Madagascar,India,Gibraltar,Republic of Türkiye,Gibraltar,C
Set_31,91,beginner,beginner31,honduras,Honduras,Set_31_091_(honduras).png,https://davidlikescat.github.io/003_CC_Flags/canva_upload_ready/flag_images/png/Set_31_091_(honduras).png,Which country does this flag belong to?,Libya,Hong Kong,Honduras,Guernsey,Honduras,C
Set_31,92,intermediate,intermediate31,iraq,Iraq,Set_31_092_(iraq).png,https://davidlikescat.github.io/003_CC_Flags/canva_upload_ready/flag_images/png/Set_31_092_(iraq).png,Which country does this flag belong to?,Bermuda,Liberia,Iraq,Solomon Islands,Iraq,C
Set_31,93,high,high31,greenland,Greenland,Set_31_093_(greenland).png,https://davidlikescat.github.io/003_CC_Flags/canva_upload_ready/flag_images/png/Set_31_093_(greenland).png,Which country does this flag belong to?,Greenland,Timor-Leste,San Marino,Grenada,Greenland,A
Set_32,94,beginner,beginner32,hungary,Hungary,Set_32_094_(hungary).png,https://davidlikescat.github.io/003_CC_Flags/canva_upload_ready/flag_images/png/Set_32_094_(hungary).png,Which country does this flag belong to?,Mozambique,Hungary,Qatar,Bosnia and Herzegovina,Hungary,B
Set_32,95,intermediate,intermediate32,jordan,Jordan,Set_32_095_(jordan).png,https://davidlikescat.github.io/003_CC_Flags/canva_upload_ready/flag_images/png/Set_32_095_(jordan).png,Which country does this flag belong to?,Anguilla,Jordan,Burkina Faso,Solomon Islands,Jordan,B
Set_32,96,high,high32,grenada,Grenada,Set_32_096_(grenada).png,https://davidlikescat.github.io/003_CC_Flags/canva_upload_ready/flag_images/png/Set_32_096_(grenada).png,Which country does this flag belong to?,Lesotho,Germany,South Sudan,Grenada,Grenada,D
Set_33,97,beginner,beginner33,iceland,Iceland,Set_33_097_(iceland).png,https://davidlikescat.github.io/003_CC_Flags/canva_upload_ready/flag_images/png/Set_33_097_(iceland).png,Which country does this flag belong to?,Martinique,Isle of Man,Sudan,Iceland,Iceland,D
Set_33,98,intermediate,intermediate33,kazakhstan,Kazakhstan,Set_33_098_(kazakhstan).png,https://davidlikescat.github.io/003_CC_Flags/canva_upload_ready/flag_images/png/Set_33_098_(kazakhstan).png,Which country does this flag belong to?,Kazakhstan,Greenland,Ireland,Slovakia,Kazakhstan,A
Set_33,99,high,high33,guadeloupe,Guadeloupe,Set_33_099_(guadeloupe).png,https://davidlikescat.github.io/003_CC_Flags/canva_upload_ready/flag_images/png/Set_33_099_(guadeloupe).png,Which country does this flag belong to?,Trinidad and Tobago,Guadeloupe,Senegal,Japan,Guadeloupe,B
Set_34,100,beginner,beginner34,india,India,Set_34_100_(india).png,https://davidlikescat.github.io/003_CC_Flags/canva_upload_ready/flag_images/png/Set_34_100_(india).png,Which country does this flag belong to?,"Bolivia, Plurinational State of",Lesotho,Panama,India,India,D
Set_34,101,intermediate,intermediate34,korea,"Korea, Republic of",Set_34_101_(korea).png,https://davidlikescat.github.io/003_CC_Flags/canva_upload_ready/flag_images/png/Set_34_101_(korea).png,Which country does this flag belong to?,"Korea, Republic of",Cocos Islands,Singapore,American Samoa,"Korea, Republic of",A
Set_34,102,high,high34,guam,Guam,Set_34_102_(guam).png,https://davidlikescat.github.io/003_CC_Flags/canva_upload_ready/flag_images/png/Set_34_102_(guam).png,Which country does this flag belong to?,Indonesia,"Bolivia, Plurinational State of",Sudan,Guam,Guam,D
Set_35,103,beginner,beginner35,indonesia,Indonesia,Set_35_103_(indonesia).png,https://davidlikescat.github.io/003_CC_Flags/canva_upload_ready/flag_images/png/Set_35_103_(indonesia).png,Which country does this flag belong to?,Angola,Indonesia,Saudi Arabia,Puerto Rico,Indonesia,B
Set_35,104,intermediate,intermediate35,kosovo,Kosovo,Set_35_104_(kosovo).png,https://davidlikescat.github.io/003_CC_Flags/canva_upload_ready/flag_images/png/Set_35_104_(kosovo).png,Which country does this flag belong to?,Wallis and Futuna Islands,Kosovo,Benin,Comoros,Kosovo,B
Set_35,105,high,high35,guernsey,Guernsey,Set_35_105_(guernsey).png,https://davidlikescat.github.io/003_CC_Flags/canva_upload_ready/flag_images/png/Set_35_105_(guernsey).png,Which country does this flag belong to?,Guernsey,Bouvet Island,Botswana,Sint Maarten,Guernsey,A
Set_36,106,beginner,beginner36,iran_islamic,"Iran, Islamic Republic of",Set_36_106_(iran_islamic).png,https://davidlikescat.github.io/003_CC_Flags/canva_upload_ready/flag_images/png/Set_36_106_(iran_islamic).png,Which country does this flag belong to?,Ethiopia,Gambia,"Iran, Islamic Republic of",Sint Maarten,"Iran, Islamic Republic of",C
Set_36,107,intermediate,intermediate36,kuwait,Kuwait,Set_36_107_(kuwait).png,https://davidlikescat.github.io/003_CC_Flags/canva_upload_ready/flag_images/png/Set_36_107_(kuwait).png,Which country does this flag belong to?,Macao,Vanuatu,Kuwait,Côte d'Ivoire,Kuwait,C
Set_36,108,high,high36,guinea,Guinea,Set_36_108_(guinea).png,https://davidlikescat.github.io/003_CC_Flags/canva_upload_ready/flag_images/png/Set_36_108_(guinea).png,Which country does this flag belong to?,Guinea,Egypt,US Minor Outlying Islands,Europe,Guinea,A
Set_37,109,beginner,beginner37,ireland,Ireland,Set_37_109_(ireland).png,https://davidlikescat.github.io/003_CC_Flags/canva_upload_ready/flag_images/png/Set_37_109_(ireland).png,Which country does this flag belong to?,Turkmenistan,Samoa,Cameroon,Ireland,Ireland,D
Set_37,110,intermediate,intermediate37,kyrgyzstan,Kyrgyzstan,Set_37_110_(kyrgyzstan).png,https://davidlikescat.github.io/003_CC_Flags/canva_upload_ready/flag_images/png/Set_37_110_(kyrgyzstan).png,Which country does this flag belong to?,South Georgia and the South Sandwich Islands,Kenya,Kyrgyzstan,Malta,Kyrgyzstan,C
Set_37,111,high,high37,heard_island_and_mcdonald_islands,Heard Island and McDonald Islands,Set_37_111_(heard_island_and_mcdonald_islands).png,https://davidlikescat.github.io/003_CC_Flags/canva_upload_ready/flag_images/png/Set_37_111_(heard_island_and_mcdonald_islands).png,Which country does this flag belong to?,Antigua and Barbuda,Tokelau,Mayotte,Heard Island and McDonald Islands,Heard Island and McDonald Islands,D
Set_38,112,beginner,beginner38,israel,Israel,Set_38_112_(israel).png,https://davidlikescat.github.io/003_CC_Flags/canva_upload_ready/flag_images/png/Set_38_112_(israel).png,Which country does this flag belong to?,Cocos Islands,Portugal,Korea Democratic Peoples,Israel,Israel,D
Set_38,113,intermediate,intermediate38,laos,Laos,Set_38_113_(laos).png,https://davidlikescat.github.io/003_CC_Flags/canva_upload_ready/flag_images/png/Set_38_113_(laos).png,Which country does this flag belong to?,Belarus,Laos,Burundi,"Tanzania, United Republic of",Laos,B
Set_38,114,high,high38,holy_see,Holy See,Set_38_114_(holy_see).png,https://davidlikescat.github.io/003_CC_Flags/canva_upload_ready/flag_images/png/Set_38_114_(holy_see).png,Which country does this flag belong to?,Holy See,Belarus,Uruguay,Croatia,Holy See,A
Set_39,115,beginner,beginner39,italy,Italy,Set_39_115_(italy).png,https://davidlikescat.github.io/003_CC_Flags/canva_upload_ready/flag_images/png/Set_39_115_(italy).png,Which country does this flag belong to?,Sweden,Macao,Rwanda,Italy,Italy,D
Set_39,116,intermediate,intermediate39,liechtenstein,Liechtenstein,Set_39_116_(liechtenstein).png,https://davidlikescat.github.io/003_CC_Flags/canva_upload_ready/flag_images/png/Set_39_116_(liechtenstein).png,Which country does this flag belong to?,Liechtenstein,Lesotho,Haiti,Burundi,Liechtenstein,A
Set_39,117,high,high39,hong_kong,Hong Kong,Set_39_117_(hong_kong).png,https://davidlikescat.github.io/003_CC_Flags/canva_upload_ready/flag_images/png/Set_39_117_(hong_kong).png,Which country does this flag belong to?,Aruba,Hong Kong,Myanmar,Lithuania,Hong Kong,B
Set_40,118,beginner,beginner40,jamaica,Jamaica,Set_40_118_(jamaica).png,https://davidlikescat.github.io/003_CC_Flags/canva_upload_ready/flag_images/png/Set_40_118_(jamaica).png,Which country does this flag belong to?,Caribbean Netherlands,Angola,Zimbabwe,Jamaica,Jamaica,D
Set_40,119,intermediate,intermediate40,macao,Macao,Set_40_119_(macao).png,https://davidlikescat.github.io/003_CC_Flags/canva_upload_ready/flag_images/png/Set_40_119_(macao).png,Which country does this flag belong to?,Nauru,Australia,Macao,Kiribati,Macao,C
Set_40,120,high,high40,isle_of_man,Isle of Man,Set_40_120_(isle_of_man).png,https://davidlikescat.github.io/003_CC_Flags/canva_upload_ready/flag_images/png/Set_40_120_(isle_of_man).png,Which country does this flag belong to?,"Korea, Republic of",Isle of Man,Germany,Nauru,Isle of Man,B
Set_41,121,beginner,beginner41,japan,Japan,Set_41_121_(japan).png,https://davidlikescat.github.io/003_CC_Flags/canva_upload_ready/flag_images/png/Set_41_121_(japan).png,Which country does this flag belong to?,Faroe Islands,Haiti,Solomon Islands,Japan,Japan,D
Set_41,122,intermediate,intermediate41,madagascar,Madagascar,Set_41_122_(madagascar).png,https://davidlikescat.github.io/003_CC_Flags/canva_upload_ready/flag_images/png/Set_41_122_(madagascar).png,Which country does this flag belong to?,Brunei Darussalam,Isle of Man,Madagascar,Haiti,Madagascar,C
Set_41,123,high,high41,jersey,Jersey,Set_41_123_(jersey).png,https://davidlikescat.github.io/003_CC_Flags/canva_upload_ready/flag_images/png/Set_41_123_(jersey).png,Which country does this flag belong to?,Ghana,Tonga,Mali,Jersey,Jersey,D
Set_42,124,beginner,beginner42,kenya,Kenya,Set_42_124_(kenya).png,https://davidlikescat.github.io/003_CC_Flags/canva_upload_ready/flag_images/png/Set_42_124_(kenya).png,Which country does this flag belong to?,Kenya,Northern Mariana Islands,Croatia,Gibraltar,Kenya,A
Set_42,125,intermediate,intermediate42,maldives,Maldives,Set_42_125_(maldives).png,https://davidlikescat.github.io/003_CC_Flags/canva_upload_ready/flag_images/png/Set_42_125_(maldives).png,Which country does this flag belong to?,Maldives,Uruguay,Central African Republic,Canada,Maldives,A
Set_42,126,high,high42,kingdom_of_eswatini,Kingdom of Eswatini,Set_42_126_(kingdom_of_eswatini).png,https://davidlikescat.github.io/003_CC_Flags/canva_upload_ready/flag_images/png/Set_42_126_(kingdom_of_eswatini).png,Which country does this flag belong to?,Greenland,Kingdom of Eswatini,"Saint Helena, Ascension and Tristan da Cunha",United Kingdom,Kingdom of Eswatini,B
Set_43,127,beginner,beginner43,latvia,Latvia,Set_43_127_(latvia).png,https://davidlikescat.github.io/003_CC_Flags/canva_upload_ready/flag_images/png/Set_43_127_(latvia).png,Which country does this flag belong to?,Russian Federation,Czech Republic,Latvia,Cambodia,Latvia,C
Set_43,128,intermediate,intermediate43,mali,Mali,Set_43_128_(mali).png,https://davidlikescat.github.io/003_CC_Flags/canva_upload_ready/flag_images/png/Set_43_128_(mali).png,Which country does this flag belong to?,Saint Vincent and the Grenadines,Mali,Cyprus,Guyana,Mali,B
Set_43,129,high,high43,kiribati,Kiribati,Set_43_129_(kiribati).png,https://davidlikescat.github.io/003_CC_Flags/canva_upload_ready/flag_images/png/Set_43_129_(kiribati).png,Which country does this flag belong to?,United Arab Emirates,Ireland,Kiribati,Luxembourg,Kiribati,C
Set_44,130,beginner,beginner44,lebanon,Lebanon,Set_44_130_(lebanon).png,https://davidlikescat.github.io/003_CC_Flags/canva_upload_ready/flag_images/png/Set_44_130_(lebanon).png,Which country does this flag belong to?,Benin,Lebanon,Mayotte,Tuvalu,Lebanon,B
Set_44,131,intermediate,intermediate44,martinique,Martinique,Set_44_131_(martinique).png,https://davidlikescat.github.io/003_CC_Flags/canva_upload_ready/flag_images/png/Set_44_131_(martinique).png,Which country does this flag belong to?,"Saint Helena, Ascension and Tristan da Cunha",Martinique,American Samoa,Germany,Martinique,B
Set_44,132,high,high44,korea_democratic_peoples,Korea Democratic Peoples,Set_44_132_(korea_democratic_peoples).png,https://davidlikescat.github.io/003_CC_Flags/canva_upload_ready/flag_images/png/Set_44_132_(korea_democratic_peoples).png,Which country does this flag belong to?,Jamaica,Falkland Islands,South Georgia and the South Sandwich Islands,Korea Democratic Peoples,Korea Democratic Peoples,D
Set_45,133,beginner,beginner45,libya,Libya,Set_45_133_(libya).png,https://davidlikescat.github.io/003_CC_Flags/canva_upload_ready/flag_images/png/Set_45_133_(libya).png,Which country does this flag belong to?,Cook Islands,French Southern Territories,Libya,Slovenia,Libya,C
Set_45,134,intermediate,intermediate45,mauritania,Mauritania,Set_45_134_(mauritania).png,https://davidlikescat.github.io/003_CC_Flags/canva_upload_ready/flag_images/png/Set_45_134_(mauritania).png,Which country does this flag belong to?,Romania,Kyrgyzstan,Sao Tome and Principe,Mauritania,Mauritania,D
Set_45,135,high,high45,lesotho,Lesotho,Set_45_135_(lesotho).png,https://davidlikescat.github.io/003_CC_Flags/canva_upload_ready/flag_images/png/Set_45_135_(lesotho).png,Which country does this flag belong to?,Virgin Islands Us,Equatorial Guinea,Lesotho,Liechtenstein,Lesotho,C
Set_46,136,beginner,beginner46,lithuania,Lithuania,Set_46_136_(lithuania).png,https://davidlikescat.github.io/003_CC_Flags/canva_upload_ready/flag_images/png/Set_46_136_(lithuania).png,Which country does this flag belong to?,Lithuania,Kyrgyzstan,French Southern Territories,England,Lithuania,A
Set_46,137,intermediate,intermediate46,mauritius,Mauritius,Set_46_137_(mauritius).png,https://davidlikescat.github.io/003_CC_Flags/canva_upload_ready/flag_images/png/Set_46_137_(mauritius).png,Which country does this flag belong to?,Mauritius,Bosnia and Herzegovina,South Sudan,Philippines,Mauritius,A
Set_46,138,high,high46,liberia,Liberia,Set_46_138_(liberia).png,https://davidlikescat.github.io/003_CC_Flags/canva_upload_ready/flag_images/png/Set_46_138_(liberia).png,Which country does this flag belong to?,Liberia,Cameroon,Mexico,Mauritius,Liberia,A
Set_47,139,beginner,beginner47,luxembourg,Luxembourg,Set_47_139_(luxembourg).png,https://davidlikescat.github.io/003_CC_Flags/canva_upload_ready/flag_images/png/Set_47_139_(luxembourg).png,Which country does this flag belong to?,Morocco,Martinique,Luxembourg,Macao,Luxembourg,C
Set_47,140,intermediate,intermediate47,mayotte,Mayotte,Set_47_140_(mayotte).png,https://davidlikescat.github.io/003_CC_Flags/canva_upload_ready/flag_images/png/Set_47_140_(mayotte).png,Which country does this flag belong to?,Portugal,Israel,Equatorial Guinea,Mayotte,Mayotte,D
Set_47,141,high,high47,malawi,Malawi,Set_47_141_(malawi).png,https://davidlikescat.github.io/003_CC_Flags/canva_upload_ready/flag_images/png/Set_47_141_(malawi).png,Which country does this flag belong to?,Marshall Islands,Mozambique,Malawi,Uganda,Malawi,C
Set_48,142,beginner,beginner48,malaysia,Malaysia,Set_48_142_(malaysia).png,https://davidlikescat.github.io/003_CC_Flags/canva_upload_ready/flag_images/png/Set_48_142_(malaysia).png,Which country does this flag belong to?,Malaysia,Oman,Iceland,Spain,Malaysia,A
Set_48,143,intermediate,intermediate48,micronesia,"Micronesia, Federated States of",Set_48_143_(micronesia).png,https://davidlikescat.github.io/003_CC_Flags/canva_upload_ready/flag_images/png/Set_48_143_(micronesia).png,Which country does this flag belong to?,Norfolk Island,"Micronesia, Federated States of",Palau,Holy See,"Micronesia, Federated States of",B
Set_48,144,high,high48,marshall_islands,Marshall Islands,Set_48_144_(marshall_islands).png,https://davidlikescat.github.io/003_CC_Flags/canva_upload_ready/flag_images/png/Set_48_144_(marshall_islands).png,Which country does this flag belong to?,Marshall Islands,Guernsey,Virgin Islands Us,Papua New Guinea,Marshall Islands,A
Set_49,145,beginner,beginner49,malta,Malta,Set_49_145_(malta).png,https://davidlikescat.github.io/003_CC_Flags/canva_upload_ready/flag_images/png/Set_49_145_(malta).png,Which country does this flag belong to?,Malta,Saudi Arabia,Kiribati,Niue,Malta,A
Set_49,146,intermediate,intermediate49,moldova,Moldova,Set_49_146_(moldova).png,https://davidlikescat.github.io/003_CC_Flags/canva_upload_ready/flag_images/png/Set_49_146_(moldova).png,Which country does this flag belong to?,Moldova,Saint Lucia,Switzerland,French Polynesia,Moldova,A
Set_49,147,high,high49,montserrat,Montserrat,Set_49_147_(montserrat).png,https://davidlikescat.github.io/003_CC_Flags/canva_upload_ready/flag_images/png/Set_49_147_(montserrat).png,Which country does this flag belong to?,El Salvador,Montserrat,Korea Democratic Peoples,San Marino,Montserrat,B
Set_50,148,beginner,beginner50,mexico,Mexico,Set_50_148_(mexico).png,https://davidlikescat.github.io/003_CC_Flags/canva_upload_ready/flag_images/png/Set_50_148_(mexico).png,Which country does this flag belong to?,French Polynesia,Mexico,Rwanda,Taiwan (Republic of China),Mexico,B
Set_50,149,intermediate,intermediate50,mongolia,Mongolia,Set_50_149_(mongolia).png,https://davidlikescat.github.io/003_CC_Flags/canva_upload_ready/flag_images/png/Set_50_149_(mongolia).png,Which country does this flag belong to?,Indonesia,Mongolia,Sierra Leone,Kosovo,Mongolia,B
Set_50,150,high,high50,nauru,Nauru,Set_50_150_(nauru).png,https://davidlikescat.github.io/003_CC_Flags/canva_upload_ready/flag_images/png/Set_50_150_(nauru).png,Which country does this flag belong to?,Saint Barthélemy,American Samoa,Nauru,"Congo, the Democratic Republic of the",Nauru,C
Set_51,151,beginner,beginner51,monaco,Monaco,Set_51_151_(monaco).png,https://davidlikescat.github.io/003_CC_Flags/canva_upload_ready/flag_images/png/Set_51_151_(monaco).png,Which country does this flag belong to?,Monaco,Korea Democratic Peoples,Mozambique,Greenland,Monaco,A
Set_51,152,intermediate,intermediate51,montenegro,Montenegro,Set_51_152_(montenegro).png,https://davidlikescat.github.io/003_CC_Flags/canva_upload_ready/flag_images/png/Set_51_152_(montenegro).png,Which country does this flag belong to?,Montenegro,Jordan,Singapore,Ireland,Montenegro,A
Set_51,153,high,high51,new_caledonia,New Caledonia,Set_51_153_(new_caledonia).png,https://davidlikescat.github.io/003_CC_Flags/canva_upload_ready/flag_images/png/Set_51_153_(new_caledonia).png,Which country does this flag belong to?,New Caledonia,Georgia,Turks and Caicos Islands,Faroe Islands,New Caledonia,A
Set_52,154,beginner,beginner52,morocco,Morocco,Set_52_154_(morocco).png,https://davidlikescat.github.io/003_CC_Flags/canva_upload_ready/flag_images/png/Set_52_154_(morocco).png,Which country does this flag belong to?,Niger,Morocco,Mayotte,Singapore,Morocco,B
Set_52,155,intermediate,intermediate52,mozambique,Mozambique,Set_52_155_(mozambique).png,https://davidlikescat.github.io/003_CC_Flags/canva_upload_ready/flag_images/png/Set_52_155_(mozambique).png,Which country does this flag belong to?,Mozambique,Cook Islands,Iceland,Grenada,Mozambique,A
Set_52,156,high,high52,niue,Niue,Set_52_156_(niue).png,https://davidlikescat.github.io/003_CC_Flags/canva_upload_ready/flag_images/png/Set_52_156_(niue).png,Which country does this flag belong to?,Gabon,South Sudan,China,Niue,Niue,D
Set_53,157,beginner,beginner53,nepal,Nepal,Set_53_157_(nepal).png,https://davidlikescat.github.io/003_CC_Flags/canva_upload_ready/flag_images/png/Set_53_157_(nepal).png,Which country does this flag belong to?,French Southern Territories,Nepal,American Samoa,Bosnia and Herzegovina,Nepal,B
Set_53,158,intermediate,intermediate53,myanmar,Myanmar,Set_53_158_(myanmar).png,https://davidlikescat.github.io/003_CC_Flags/canva_upload_ready/flag_images/png/Set_53_158_(myanmar).png,Which country does this flag belong to?,"Saint Helena, Ascension and Tristan da Cunha",Falkland Islands,Myanmar,Czech Republic,Myanmar,C
Set_53,159,high,high53,norfolk_island,Norfolk Island,Set_53_159_(norfolk_island).png,https://davidlikescat.github.io/003_CC_Flags/canva_upload_ready/flag_images/png/Set_53_159_(norfolk_island).png,Which country does this flag belong to?,Norfolk Island,Czech Republic,Kosovo,India,Norfolk Island,A
Set_54,160,beginner,beginner54,netherlands,Netherlands,Set_54_160_(netherlands).png,https://davidlikescat.github.io/003_CC_Flags/canva_upload_ready/flag_images/png/Set_54_160_(netherlands).png,Which country does this flag belong to?,Zimbabwe,Austria,Papua New Guinea,Netherlands,Netherlands,D
Set_54,161,intermediate,intermediate54,namibia,Namibia,Set_54_161_(namibia).png,https://davidlikescat.github.io/003_CC_Flags/canva_upload_ready/flag_images/png/Set_54_161_(namibia).png,Which country does this flag belong to?,Grenada,Namibia,China,Liberia,Namibia,B
Set_54,162,high,high54,northern_ireland,Northern Ireland,Set_54_162_(northern_ireland).png,https://davidlikescat.github.io/003_CC_Flags/canva_upload_ready/flag_images/png/Set_54_162_(northern_ireland).png,Which country does this flag belong to?,Russian Federation,Northern Ireland,Svalbard and Jan Mayen Islands,Europe,Northern Ireland,B
Set_55,163,beginner,beginner55,new_zealand,New Zealand,Set_55_163_(new_zealand).png,https://davidlikescat.github.io/003_CC_Flags/canva_upload_ready/flag_images/png/Set_55_163_(new_zealand).png,Which country does this flag belong to?,Oman,New Zealand,Syrian Arab Republic,Russian Federation,New Zealand,B
Set_55,164,intermediate,intermediate55,nicaragua,Nicaragua,Set_55_164_(nicaragua).png,https://davidlikescat.github.io/003_CC_Flags/canva_upload_ready/flag_images/png/Set_55_164_(nicaragua).png,Which country does this flag belong to?,Russian Federation,Kenya,Dominica,Nicaragua,Nicaragua,D
Set_55,165,high,high55,northern_mariana_islands,Northern Mariana Islands,Set_55_165_(northern_mariana_islands).png,https://davidlikescat.github.io/003_CC_Flags/canva_upload_ready/flag_images/png/Set_55_165_(northern_mariana_islands).png,Which country does this flag belong to?,Denmark,Ireland,Martinique,Northern Mariana Islands,Northern Mariana Islands,D
Set_56,166,beginner,beginner56,nigeria,Nigeria,Set_56_166_(nigeria).png,https://davidlikescat.github.io/003_CC_Flags/canva_upload_ready/flag_images/png/Set_56_166_(nigeria).png,Which country does this flag belong to?,Nigeria,Sint Maarten,Slovenia,England,Nigeria,A
Set_56,167,intermediate,intermediate56,niger,Niger,Set_56_167_(niger).png,https://davidlikescat.github.io/003_CC_Flags/canva_upload_ready/flag_images/png/Set_56_167_(niger).png,Which country does this flag belong to?,Djibouti,Benin,Niger,Panama,Niger,C
Set_56,168,high,high56,palau,Palau,Set_56_168_(palau).png,https://davidlikescat.github.io/003_CC_Flags/canva_upload_ready/flag_images/png/Set_56_168_(palau).png,Which country does this flag belong to?,"Virgin Islands, British",Nigeria,Virgin Islands Us,Palau,Palau,D
Set_57,169,beginner,beginner57,norway,Norway,Set_57_169_(norway).png,https://davidlikescat.github.io/003_CC_Flags/canva_upload_ready/flag_images/png/Set_57_169_(norway).png,Which country does this flag belong to?,Tonga,Poland,Norway,Indonesia,Norway,C
Set_57,170,intermediate,intermediate57,north_macedonia,North Macedonia,Set_57_170_(north_macedonia).png,https://davidlikescat.github.io/003_CC_Flags/canva_upload_ready/flag_images/png/Set_57_170_(north_macedonia).png,Which country does this flag belong to?,Sint Maarten,Antigua and Barbuda,North Macedonia,Libya,North Macedonia,C
Set_57,171,high,high57,palestine,Palestine,Set_57_171_(palestine).png,https://davidlikescat.github.io/003_CC_Flags/canva_upload_ready/flag_images/png/Set_57_171_(palestine).png,Which country does this flag belong to?,Zambia,Christmas Island,"Bolivia, Plurinational State of",Palestine,Palestine,D
Set_58,172,beginner,beginner58,pakistan,Pakistan,Set_58_172_(pakistan).png,https://davidlikescat.github.io/003_CC_Flags/canva_upload_ready/flag_images/png/Set_58_172_(pakistan).png,Which country does this flag belong to?,Trinidad and Tobago,France,Saint Kitts and Nevis,Pakistan,Pakistan,D
Set_58,173,intermediate,intermediate58,oman,Oman,Set_58_173_(oman).png,https://davidlikescat.github.io/003_CC_Flags/canva_upload_ready/flag_images/png/Set_58_173_(oman).png,Which country does this flag belong to?,Oman,"Congo, the Democratic Republic of the",Barbados,Bermuda,Oman,A
Set_58,174,high,high58,pitcairn,Pitcairn,Set_58_174_(pitcairn).png,https://davidlikescat.github.io/003_CC_Flags/canva_upload_ready/flag_images/png/Set_58_174_(pitcairn).png,Which country does this flag belong to?,Bhutan,Pitcairn,South Georgia and the South Sandwich Islands,Saint Barthélemy,Pitcairn,B
Set_59,175,beginner,beginner59,panama,Panama,Set_59_175_(panama).png,https://davidlikescat.github.io/003_CC_Flags/canva_upload_ready/flag_images/png/Set_59_175_(panama).png,Which country does this flag belong to?,Montserrat,Grenada,Panama,United Arab Emirates,Panama,C
Set_59,176,intermediate,intermediate59,qatar,Qatar,Set_59_176_(qatar).png,https://davidlikescat.github.io/003_CC_Flags/canva_upload_ready/flag_images/png/Set_59_176_(qatar).png,Which country does this flag belong to?,Chad,Qatar,Ireland,Mozambique,Qatar,B
Set_59,177,high,high59,puerto_rico,Puerto Rico,Set_59_177_(puerto_rico).png,https://davidlikescat.github.io/003_CC_Flags/canva_upload_ready/flag_images/png/Set_59_177_(puerto_rico).png,Which country does this flag belong to?,Puerto Rico,Slovenia,Aruba,United Kingdom,Puerto Rico,A
Set_60,178,beginner,beginner60,papua_new_guinea,Papua New Guinea,Set_60_178_(papua_new_guinea).png,https://davidlikescat.github.io/003_CC_Flags/canva_upload_ready/flag_images/png/Set_60_178_(papua_new_guinea).png,Which country does this flag belong to?,Holy See,Papua New Guinea,Anguilla,Spain,Papua New Guinea,B
Set_60,179,intermediate,intermediate60,saint_kitts_and_nevis,Saint Kitts and Nevis,Set_60_179_(saint_kitts_and_nevis).png,https://davidlikescat.github.io/003_CC_Flags/canva_upload_ready/flag_images/png/Set_60_179_(saint_kitts_and_nevis).png,Which country does this flag belong to?,Slovenia,Jersey,Saint Kitts and Nevis,Albania,Saint Kitts and Nevis,C
Set_60,180,high,high60,republic_of_the_congo,Republic of the Congo,Set_60_180_(republic_of_the_congo).png,https://davidlikescat.github.io/003_CC_Flags/canva_upload_ready/flag_images/png/Set_60_180_(republic_of_the_congo).png,Which country does this flag belong to?,Republic of the Congo,Slovakia,Togo,Thailand,Republic of the Congo,A
Set_61,181,beginner,beginner61,paraguay,Paraguay,Set_61_181_(paraguay).png,https://davidlikescat.github.io/003_CC_Flags/canva_upload_ready/flag_images/png/Set_61_181_(paraguay).png,Which country does this flag belong to?,Kingdom of Eswatini,Nigeria,Montserrat,Paraguay,Paraguay,D
Set_61,182,intermediate,intermediate61,saint_lucia,Saint Lucia,Set_61_182_(saint_lucia).png,https://davidlikescat.github.io/003_CC_Flags/canva_upload_ready/flag_images/png/Set_61_182_(saint_lucia).png,Which country does this flag belong to?,Europe,Tokelau,Saint Lucia,Luxembourg,Saint Lucia,C
Set_61,183,high,high61,republic_of_türkiye,Republic of Türkiye,Set_61_183_(republic_of_türkiye).png,https://davidlikescat.github.io/003_CC_Flags/canva_upload_ready/flag_images/png/Set_61_183_(republic_of_türkiye).png,Which country does this flag belong to?,Republic of Türkiye,"Micronesia, Federated States of",British Indian Ocean Territory,Kenya,Republic of Türkiye,A
Set_62,184,beginner,beginner62,peru,Peru,Set_62_184_(peru).png,https://davidlikescat.github.io/003_CC_Flags/canva_upload_ready/flag_images/png/Set_62_184_(peru).png,Which country does this flag belong to?,Sint Maarten,Yemen,Peru,Australia,Peru,C
Set_62,185,intermediate,intermediate62,samoa,Samoa,Set_62_185_(samoa).png,https://davidlikescat.github.io/003_CC_Flags/canva_upload_ready/flag_images/png/Set_62_185_(samoa).png,Which country does this flag belong to?,Nauru,Tajikistan,Samoa,Christmas Island,Samoa,C
Set_62,186,high,high62,russian_federation,Russian Federation,Set_62_186_(russian_federation).png,https://davidlikescat.github.io/003_CC_Flags/canva_upload_ready/flag_images/png/Set_62_186_(russian_federation).png,Which country does this flag belong to?,Saint Kitts and Nevis,Russian Federation,China,Gabon,Russian Federation,B
Set_63,187,beginner,beginner63,philippines,Philippines,Set_63_187_(philippines).png,https://davidlikescat.github.io/003_CC_Flags/canva_upload_ready/flag_images/png/Set_63_187_(philippines).png,Which country does this flag belong to?,"Virgin Islands, British",Philippines,England,India,Philippines,B
Set_63,188,intermediate,intermediate63,san_marino,San Marino,Set_63_188_(san_marino).png,https://davidlikescat.github.io/003_CC_Flags/canva_upload_ready/flag_images/png/Set_63_188_(san_marino).png,Which country does this flag belong to?,Senegal,San Marino,Zambia,New Zealand,San Marino,B
Set_63,189,high,high63,rwanda,Rwanda,Set_63_189_(rwanda).png,https://davidlikescat.github.io/003_CC_Flags/canva_upload_ready/flag_images/png/Set_63_189_(rwanda).png,Which country does this flag belong to?,Gibraltar,"Korea, Republic of",Zambia,Rwanda,Rwanda,D
Set_64,190,beginner,beginner64,poland,Poland,Set_64_190_(poland).png,https://davidlikescat.github.io/003_CC_Flags/canva_upload_ready/flag_images/png/Set_64_190_(poland).png,Which country does this flag belong to?,Cook Islands,Poland,Latvia,Pitcairn,Poland,B
Set_64,191,intermediate,intermediate64,senegal,Senegal,Set_64_191_(senegal).png,https://davidlikescat.github.io/003_CC_Flags/canva_upload_ready/flag_images/png/Set_64_191_(senegal).png,Which country does this flag belong to?,Senegal,Philippines,Marshall Islands,Norfolk Island,Senegal,A
Set_64,192,high,high64,réunion,Réunion,Set_64_192_(réunion).png,https://davidlikescat.github.io/003_CC_Flags/canva_upload_ready/flag_images/png/Set_64_192_(réunion).png,Which country does this flag belong to?,Central African Republic,Libya,French Guiana,Réunion,Réunion,D
Set_65,193,beginner,beginner65,portugal,Portugal,Set_65_193_(portugal).png,https://davidlikescat.github.io/003_CC_Flags/canva_upload_ready/flag_images/png/Set_65_193_(portugal).png,Which country does this flag belong to?,Armenia,Tunisia,Guyana,Portugal,Portugal,D
Set_65,194,intermediate,intermediate65,seychelles,Seychelles,Set_65_194_(seychelles).png,https://davidlikescat.github.io/003_CC_Flags/canva_upload_ready/flag_images/png/Set_65_194_(seychelles).png,Which country does this flag belong to?,Seychelles,Albania,Northern Ireland,Mauritania,Seychelles,A
Set_65,195,high,high65,saint_barthélemy,Saint Barthélemy,Set_65_195_(saint_barthélemy).png,https://davidlikescat.github.io/003_CC_Flags/canva_upload_ready/flag_images/png/Set_65_195_(saint_barthélemy).png,Which country does this flag belong to?,Sierra Leone,Saint Barthélemy,Chad,Cook Islands,Saint Barthélemy,B
Set_66,196,beginner,beginner66,romania,Romania,Set_66_196_(romania).png,https://davidlikescat.github.io/003_CC_Flags/canva_upload_ready/flag_images/png/Set_66_196_(romania).png,Which country does this flag belong to?,Saudi Arabia,Kenya,British Indian Ocean Territory,Romania,Romania,D
Set_66,197,intermediate,intermediate66,somalia,Somalia,Set_66_197_(somalia).png,https://davidlikescat.github.io/003_CC_Flags/canva_upload_ready/flag_images/png/Set_66_197_(somalia).png,Which country does this flag belong to?,Côte d'Ivoire,Czech Republic,Somalia,Estonia,Somalia,C
Set_66,198,high,high66,saint_helena_ascension_and_tristan_da_cunha,"Saint Helena, Ascension and Tristan da Cunha",Set_66_198_(saint_helena_ascension_and_tristan_da_cunha).png,https://davidlikescat.github.io/003_CC_Flags/canva_upload_ready/flag_images/png/Set_66_198_(saint_helena_ascension_and_tristan_da_cunha).png,Which country does this flag belong to?,"Saint Helena, Ascension and Tristan da Cunha",Philippines,Poland,France,"Saint Helena, Ascension and Tristan da Cunha",A
Set_67,199,beginner,beginner67,saudi_arabia,Saudi Arabia,Set_67_199_(saudi_arabia).png,https://davidlikescat.github.io/003_CC_Flags/canva_upload_ready/flag_images/png/Set_67_199_(saudi_arabia).png,Which country does this flag belong to?,"Bolivia, Plurinational State of",Saudi Arabia,Mauritania,Indonesia,Saudi Arabia,B
Set_67,200,intermediate,intermediate67,sudan,Sudan,Set_67_200_(sudan).png,https://davidlikescat.github.io/003_CC_Flags/canva_upload_ready/flag_images/png/Set_67_200_(sudan).png,Which country does this flag belong to?,Turks and Caicos Islands,Sudan,Andorra,Bosnia and Herzegovina,Sudan,B
Set_67,201,high,high67,saint_martin,Saint Martin,Set_67_201_(saint_martin).png,https://davidlikescat.github.io/003_CC_Flags/canva_upload_ready/flag_images/png/Set_67_201_(saint_martin).png,Which country does this flag belong to?,Antarctica,Liechtenstein,Ukraine,Saint Martin,Saint Martin,D
Set_68,202,beginner,beginner68,serbia,Serbia,Set_68_202_(serbia).png,https://davidlikescat.github.io/003_CC_Flags/canva_upload_ready/flag_images/png/Set_68_202_(serbia).png,Which country does this flag belong to?,Dominica,Germany,Serbia,Nicaragua,Serbia,C
Set_68,203,intermediate,intermediate68,suriname,Suriname,Set_68_203_(suriname).png,https://davidlikescat.github.io/003_CC_Flags/canva_upload_ready/flag_images/png/Set_68_203_(suriname).png,Which country does this flag belong to?,Nepal,Brunei Darussalam,Suriname,Wallis and Futuna Islands,Suriname,C
Set_68,204,high,high68,saint_pierre_and_miquelon,Saint Pierre and Miquelon,Set_68_204_(saint_pierre_and_miquelon).png,https://davidlikescat.github.io/003_CC_Flags/canva_upload_ready/flag_images/png/Set_68_204_(saint_pierre_and_miquelon).png,Which country does this flag belong to?,Niue,Saint Pierre and Miquelon,Slovenia,Croatia,Saint Pierre and Miquelon,B
Set_69,205,beginner,beginner69,singapore,Singapore,Set_69_205_(singapore).png,https://davidlikescat.github.io/003_CC_Flags/canva_upload_ready/flag_images/png/Set_69_205_(singapore).png,Which country does this flag belong to?,Singapore,Kenya,Kiribati,Zimbabwe,Singapore,A
Set_69,206,intermediate,intermediate69,syrian_arab_republic,Syrian Arab Republic,Set_69_206_(syrian_arab_republic).png,https://davidlikescat.github.io/003_CC_Flags/canva_upload_ready/flag_images/png/Set_69_206_(syrian_arab_republic).png,Which country does this flag belong to?,Qatar,Syrian Arab Republic,Guam,Gambia,Syrian Arab Republic,B
Set_69,207,high,high69,saint_vincent_and_the_grenadines,Saint Vincent and the Grenadines,Set_69_207_(saint_vincent_and_the_grenadines).png,https://davidlikescat.github.io/003_CC_Flags/canva_upload_ready/flag_images/png/Set_69_207_(saint_vincent_and_the_grenadines).png,Which country does this flag belong to?,Saint Vincent and the Grenadines,Syrian Arab Republic,Antigua and Barbuda,Eritrea,Saint Vincent and the Grenadines,A
Set_70,208,beginner,beginner70,slovakia,Slovakia,Set_70_208_(slovakia).png,https://davidlikescat.github.io/003_CC_Flags/canva_upload_ready/flag_images/png/Set_70_208_(slovakia).png,Which country does this flag belong to?,Trinidad and Tobago,Benin,Slovakia,Faroe Islands,Slovakia,C
Set_70,209,intermediate,intermediate70,tajikistan,Tajikistan,Set_70_209_(tajikistan).png,https://davidlikescat.github.io/003_CC_Flags/canva_upload_ready/flag_images/png/Set_70_209_(tajikistan).png,Which country does this flag belong to?,Tajikistan,Saint Pierre and Miquelon,Czech Republic,"Saint Helena, Ascension and Tristan da Cunha",Tajikistan,A
Set_70,210,high,high70,sao_tome_and_principe,Sao Tome and Principe,Set_70_210_(sao_tome_and_principe).png,https://davidlikescat.github.io/003_CC_Flags/canva_upload_ready/flag_images/png/Set_70_210_(sao_tome_and_principe).png,Which country does this flag belong to?,Sao Tome and Principe,Seychelles,Bulgaria,Jordan,Sao Tome and Principe,A
Set_71,211,beginner,beginner71,slovenia,Slovenia,Set_71_211_(slovenia).png,https://davidlikescat.github.io/003_CC_Flags/canva_upload_ready/flag_images/png/Set_71_211_(slovenia).png,Which country does this flag belong to?,Spain,Saint Barthélemy,Malta,Slovenia,Slovenia,D
Set_71,212,intermediate,intermediate71,togo,Togo,Set_71_212_(togo).png,https://davidlikescat.github.io/003_CC_Flags/canva_upload_ready/flag_images/png/Set_71_212_(togo).png,Which country does this flag belong to?,Togo,Mali,Oman,Malta,Togo,A
Set_71,213,high,high71,scotland,Scotland,Set_71_213_(scotland).png,https://davidlikescat.github.io/003_CC_Flags/canva_upload_ready/flag_images/png/Set_71_213_(scotland).png,Which country does this flag belong to?,Taiwan (Republic of China),Uruguay,Scotland,Sierra Leone,Scotland,C
Set_72,214,beginner,beginner72,south_africa,South Africa,Set_72_214_(south_africa).png,https://davidlikescat.github.io/003_CC_Flags/canva_upload_ready/flag_images/png/Set_72_214_(south_africa).png,Which country does this flag belong to?,Sweden,South Africa,Spain,Togo,South Africa,B
Set_72,215,intermediate,intermediate72,tokelau,Tokelau,Set_72_215_(tokelau).png,https://davidlikescat.github.io/003_CC_Flags/canva_upload_ready/flag_images/png/Set_72_215_(tokelau).png,Which country does this flag belong to?,Tokelau,Togo,Belarus,Antarctica,Tokelau,A
Set_72,216,high,high72,sierra_leone,Sierra Leone,Set_72_216_(sierra_leone).png,https://davidlikescat.github.io/003_CC_Flags/canva_upload_ready/flag_images/png/Set_72_216_(sierra_leone).png,Which country does this flag belong to?,Comoros,Sierra Leone,Haiti,Chile,Sierra Leone,B
Set_73,217,beginner,beginner73,spain,Spain,Set_73_217_(spain).png,https://davidlikescat.github.io/003_CC_Flags/canva_upload_ready/flag_images/png/Set_73_217_(spain).png,Which country does this flag belong to?,Ecuador,Mauritius,Spain,Côte d'Ivoire,Spain,C
Set_73,218,intermediate,intermediate73,tonga,Tonga,Set_73_218_(tonga).png,https://davidlikescat.github.io/003_CC_Flags/canva_upload_ready/flag_images/png/Set_73_218_(tonga).png,Which country does this flag belong to?,Sweden,Bouvet Island,Europe,Tonga,Tonga,D
Set_73,219,high,high73,sint_maarten,Sint Maarten,Set_73_219_(sint_maarten).png,https://davidlikescat.github.io/003_CC_Flags/canva_upload_ready/flag_images/png/Set_73_219_(sint_maarten).png,Which country does this flag belong to?,Sint Maarten,Fiji,Montserrat,Jersey,Sint Maarten,A
Set_74,220,beginner,beginner74,sri_lanka,Sri Lanka,Set_74_220_(sri_lanka).png,https://davidlikescat.github.io/003_CC_Flags/canva_upload_ready/flag_images/png/Set_74_220_(sri_lanka).png,Which country does this flag belong to?,Pitcairn,Georgia,French Polynesia,Sri Lanka,Sri Lanka,D
Set_74,221,intermediate,intermediate74,turkmenistan,Turkmenistan,Set_74_221_(turkmenistan).png,https://davidlikescat.github.io/003_CC_Flags/canva_upload_ready/flag_images/png/Set_74_221_(turkmenistan).png,Which country does this flag belong to?,Turkmenistan,Mauritania,"Virgin Islands, British",Zimbabwe,Turkmenistan,A
Set_74,222,high,high74,solomon_islands,Solomon Islands,Set_74_222_(solomon_islands).png,https://davidlikescat.github.io/003_CC_Flags/canva_upload_ready/flag_images/png/Set_74_222_(solomon_islands).png,Which country does this flag belong to?,Norfolk Island,Brazil,Chile,Solomon Islands,Solomon Islands,D
Set_75,223,beginner,beginner75,sweden,Sweden,Set_75_223_(sweden).png,https://davidlikescat.github.io/003_CC_Flags/canva_upload_ready/flag_images/png/Set_75_223_(sweden).png,Which country does this flag belong to?,Sweden,United States,Hong Kong,Tonga,Sweden,A
Set_75,224,intermediate,intermediate75,tuvalu,Tuvalu,Set_75_224_(tuvalu).png,https://davidlikescat.github.io/003_CC_Flags/canva_upload_ready/flag_images/png/Set_75_224_(tuvalu).png,Which country does this flag belong to?,Qatar,Tuvalu,Austria,Holy See,Tuvalu,B
Set_75,225,high,high75,south_georgia_and_the_south_sandwich_islands,South Georgia and the South Sandwich Islands,Set_75_225_(south_georgia_and_the_south_sandwich_islands).png,https://davidlikescat.github.io/003_CC_Flags/canva_upload_ready/flag_images/png/Set_75_225_(south_georgia_and_the_south_sandwich_islands).png,Which country does this flag belong to?,South Georgia and the South Sandwich Islands,Belarus,Bahrain,Svalbard and Jan Mayen Islands,South Georgia and the South Sandwich Islands,A
Set_76,226,beginner,beginner76,switzerland,Switzerland,Set_76_226_(switzerland).png,https://davidlikescat.github.io/003_CC_Flags/canva_upload_ready/flag_images/png/Set_76_226_(switzerland).png,Which country does this flag belong to?,Switzerland,Tunisia,Cameroon,Mongolia,Switzerland,A
Set_76,227,intermediate,intermediate76,uganda,Uganda,Set_76_227_(uganda).png,https://davidlikescat.github.io/003_CC_Flags/canva_upload_ready/flag_images/png/Set_76_227_(uganda).png,Which country does this flag belong to?,United States,Uganda,Timor-Leste,Scotland,Uganda,B
Set_76,228,high,high76,south_sudan,South Sudan,Set_76_228_(south_sudan).png,https://davidlikescat.github.io/003_CC_Flags/canva_upload_ready/flag_images/png/Set_76_228_(south_sudan).png,Which country does this flag belong to?,Lithuania,South Sudan,Myanmar,Anguilla,South Sudan,B
Set_77,229,beginner,beginner77,thailand,Thailand,Set_77_229_(thailand).png,https://davidlikescat.github.io/003_CC_Flags/canva_upload_ready/flag_images/png/Set_77_229_(thailand).png,Which country does this flag belong to?,Costa Rica,Thailand,Latvia,Isle of Man,Thailand,B
Set_77,230,intermediate,intermediate77,united_arab_emirates,United Arab Emirates,Set_77_230_(united_arab_emirates).png,https://davidlikescat.github.io/003_CC_Flags/canva_upload_ready/flag_images/png/Set_77_230_(united_arab_emirates).png,Which country does this flag belong to?,United Arab Emirates,Nigeria,Saint Martin,Uzbekistan,United Arab Emirates,A
Set_77,231,high,high77,svalbard_and_jan_mayen_islands,Svalbard and Jan Mayen Islands,Set_77_231_(svalbard_and_jan_mayen_islands).png,https://davidlikescat.github.io/003_CC_Flags/canva_upload_ready/flag_images/png/Set_77_231_(svalbard_and_jan_mayen_islands).png,Which country does this flag belong to?,Svalbard and Jan Mayen Islands,Scotland,Haiti,Indonesia,Svalbard and Jan Mayen Islands,A
Set_78,232,beginner,beginner78,tunisia,Tunisia,Set_78_232_(tunisia).png,https://davidlikescat.github.io/003_CC_Flags/canva_upload_ready/flag_images/png/Set_78_232_(tunisia).png,Which country does this flag belong to?,Cape Verde,Cayman Islands,Martinique,Tunisia,Tunisia,D
Set_78,233,intermediate,intermediate78,us_minor_outlying_islands,US Minor Outlying Islands,Set_78_233_(us_minor_outlying_islands).png,https://davidlikescat.github.io/003_CC_Flags/canva_upload_ready/flag_images/png/Set_78_233_(us_minor_outlying_islands).png,Which country does this flag belong to?,Nigeria,Solomon Islands,Guinea,US Minor Outlying Islands,US Minor Outlying Islands,D
Set_78,234,high,high78,taiwan,Taiwan (Republic of China),Set_78_234_(taiwan).png,https://davidlikescat.github.io/003_CC_Flags/canva_upload_ready/flag_images/png/Set_78_234_(taiwan).png,Which country does this flag belong to?,Western Sahara,Taiwan (Republic of China),Jersey,Saint Barthélemy,Taiwan (Republic of China),B
Set_79,235,beginner,beginner79,ukraine,Ukraine,Set_79_235_(ukraine).png,https://davidlikescat.github.io/003_CC_Flags/canva_upload_ready/flag_images/png/Set_79_235_(ukraine).png,Which country does this flag belong to?,Western Sahara,Ukraine,Argentina,British Indian Ocean Territory,Ukraine,B
Set_79,236,intermediate,intermediate79,uzbekistan,Uzbekistan,Set_79_236_(uzbekistan).png,https://davidlikescat.github.io/003_CC_Flags/canva_upload_ready/flag_images/png/Set_79_236_(uzbekistan).png,Which country does this flag belong to?,Honduras,Uzbekistan,French Guiana,Belgium,Uzbekistan,B
Set_79,237,high,high79,tanzania_united,"Tanzania, United Republic of",Set_79_237_(tanzania_united).png,https://davidlikescat.github.io/003_CC_Flags/canva_upload_ready/flag_images/png/Set_79_237_(tanzania_united).png,Which country does this flag belong to?,"Tanzania, United Republic of",Kenya,Tonga,Christmas Island,"Tanzania, United Republic of",A
Set_80,238,beginner,beginner80,united_kingdom,United Kingdom,Set_80_238_(united_kingdom).png,https://davidlikescat.github.io/003_CC_Flags/canva_upload_ready/flag_images/png/Set_80_238_(united_kingdom).png,Which country does this flag belong to?,Barbados,Mayotte,United Kingdom,Taiwan (Republic of China),United Kingdom,C
Set_80,239,intermediate,intermediate80,vanuatu,Vanuatu,Set_80_239_(vanuatu).png,https://davidlikescat.github.io/003_CC_Flags/canva_upload_ready/flag_images/png/Set_80_239_(vanuatu).png,Which country does this flag belong to?,Vanuatu,Saint Barthélemy,Uganda,Monaco,Vanuatu,A
Set_80,240,high,high80,timor-leste,Timor-Leste,Set_80_240_(timor-leste).png,https://davidlikescat.github.io/003_CC_Flags/canva_upload_ready/flag_images/png/Set_80_240_(timor-leste).png,Which country does this flag belong to?,Afghanistan,Malaysia,Timor-Leste,Greece,Timor-Leste,C
Set_81,241,beginner,beginner81,united_states,United States,Set_81_241_(united_states).png,https://davidlikescat.github.io/003_CC_Flags/canva_upload_ready/flag_images/png/Set_81_241_(united_states).png,Which country does this flag belong to?,Saint Pierre and Miquelon,United States,Monaco,Heard Island and McDonald Islands,United States,B
Set_81,242,intermediate,intermediate81,virgin_islands_british,"Virgin Islands, British",Set_81_242_(virgin_islands_british).png,https://davidlikescat.github.io/003_CC_Flags/canva_upload_ready/flag_images/png/Set_81_242_(virgin_islands_british).png,Which country does this flag belong to?,"Virgin Islands, British",Lebanon,French Southern Territories,Monaco,"Virgin Islands, British",A
Set_81,243,high,high81,trinidad_and_tobago,Trinidad and Tobago,Set_81_243_(trinidad_and_tobago).png,https://davidlikescat.github.io/003_CC_Flags/canva_upload_ready/flag_images/png/Set_81_243_(trinidad_and_tobago).png,Which country does this flag belong to?,Ireland,Wallis and Futuna Islands,Trinidad and Tobago,Åland Islands,Trinidad and Tobago,C
Set_82,244,beginner,beginner82,uruguay,Uruguay,Set_82_244_(uruguay).png,https://davidlikescat.github.io/003_CC_Flags/canva_upload_ready/flag_images/png/Set_82_244_(uruguay).png,Which country does this flag belong to?,"Saint Helena, Ascension and Tristan da Cunha",Libya,Hungary,Uruguay,Uruguay,D
Set_82,245,intermediate,intermediate82,virgin_islands_us,Virgin Islands Us,Set_82_245_(virgin_islands_us).png,https://davidlikescat.github.io/003_CC_Flags/canva_upload_ready/flag_images/png/Set_82_245_(virgin_islands_us).png,Which country does this flag belong to?,Virgin Islands Us,Saudi Arabia,Senegal,Côte d'Ivoire,Virgin Islands Us,A
Set_82,246,high,high82,turks_and_caicos_islands,Turks and Caicos Islands,Set_82_246_(turks_and_caicos_islands).png,https://davidlikescat.github.io/003_CC_Flags/canva_upload_ready/flag_images/png/Set_82_246_(turks_and_caicos_islands).png,Which country does this flag belong to?,Turks and Caicos Islands,Kyrgyzstan,Montserrat,Mozambique,Turks and Caicos Islands,A
Set_83,247,beginner,beginner83,venezuela_bolivarian,"Venezuela, Bolivarian Republic of",Set_83_247_(venezuela_bolivarian).png,https://davidlikescat.github.io/003_CC_Flags/canva_upload_ready/flag_images/png/Set_83_247_(venezuela_bolivarian).png,Which country does this flag belong to?,Vanuatu,Taiwan (Republic of China),Western Sahara,"Venezuela, Bolivarian Republic of","Venezuela, Bolivarian Republic of",D
Set_83,248,intermediate,intermediate83,wallis_and_futuna_islands,Wallis and Futuna Islands,Set_83_248_(wallis_and_futuna_islands).png,https://davidlikescat.github.io/003_CC_Flags/canva_upload_ready/flag_images/png/Set_83_248_(wallis_and_futuna_islands).png,Which country does this flag belong to?,Wallis and Futuna Islands,Faroe Islands,Cocos Islands,Ethiopia,Wallis and Futuna Islands,A
Set_83,249,high,high83,wales,Wales,Set_83_249_(wales).png,https://davidlikescat.github.io/003_CC_Flags/canva_upload_ready/flag_images/png/Set_83_249_(wales).png,Which country does this flag belong to?,Thailand,Kyrgyzstan,Wales,"Virgin Islands, British",Wales,C
Set_84,250,beginner,beginner84,vietnam,Vietnam,Set_84_250_(vietnam).png,https://davidlikescat.github.io/003_CC_Flags/canva_upload_ready/flag_images/png/Set_84_250_(vietnam).png,Which country does this flag belong to?,South Georgia and the South Sandwich Islands,Vietnam,Greenland,Antigua and Barbuda,Vietnam,B
Set_84,251,intermediate,intermediate84,yemen,Yemen,Set_84_251_(yemen).png,https://davidlikescat.github.io/003_CC_Flags/canva_upload_ready/flag_images/png/Set_84_251_(yemen).png,Which country does this flag belong to?,Yemen,"Tanzania, United Republic of",Armenia,Uruguay,Yemen,A
Set_84,252,high,high84,western_sahara,Western Sahara,Set_84_252_(western_sahara).png,https://davidlikescat.github.io/003_CC_Flags/canva_upload_ready/flag_images/png/Set_84_252_(western_sahara).png,Which country does this flag belong to?,Ecuador,Western Sahara,Slovakia,Thailand,Western Sahara,B
Set_85,253,beginner,beginner85,zimbabwe,Zimbabwe,Set_85_253_(zimbabwe).png,https://davidlikescat.github.io/003_CC_Flags/canva_upload_ready/flag_images/png/Set_85_253_(zimbabwe).png,Which country does this flag belong to?,Angola,Pakistan,Zimbabwe,Malta,Zimbabwe,C
Set_85,254,intermediate,intermediate85,zambia,Zambia,Set_85_254_(zambia).png,https://davidlikescat.github.io/003_CC_Flags/canva_upload_ready/flag_images/png/Set_85_254_(zambia).png,Which country does this flag belong to?,Zambia,Uzbekistan,Ghana,Tuvalu,Zambia,A
Set_85,255,high,high85,åland_islands,Åland Islands,Set_85_255_(åland_islands).png,https://davidlikescat.github.io/003_CC_Flags/canva_upload_ready/flag_images/png/Set_85_255_(åland_islands).png,Which country does this flag belong to?,Tunisia,Costa Rica,North Macedonia,Åland Islands,Åland Islands,D
