quiz_id,difficulty,country_filename,country_name,flag_image_path,question_text,option_a,option_b,option_c,option_d,correct_answer,correct_option
1,beginner,norway,Norway,beginner/norway.svg,Which country does this flag belong to?,Tonga,Poland,Norway,Indonesia,Norway,C
2,beginner,romania,Romania,beginner/romania.svg,Which country does this flag belong to?,Saudi Arabia,Kenya,British Indian Ocean Territory,Romania,Romania,D
3,beginner,guatemala,Guatemala,beginner/guatemala.svg,Which country does this flag belong to?,Cameroon,"Venezuela, Bolivarian Republic of",Guatemala,Lebanon,Guatemala,C
4,beginner,iran_islamic,"Iran, Islamic Republic of",beginner/iran_islamic.svg,Which country does this flag belong to?,Ethiopia,Gambia,"Iran, Islamic Republic of",Sint Maarten,"Iran, Islamic Republic of",C
5,beginner,italy,Italy,beginner/italy.svg,Which country does this flag belong to?,Sweden,Macao,Rwanda,Italy,Italy,D
6,beginner,south_africa,South Africa,beginner/south_africa.svg,Which country does this flag belong to?,Sweden,South Africa,Spain,Togo,South Africa,B
7,beginner,switzerland,Switzerland,beginner/switzerland.svg,Which country does this flag belong to?,Switzerland,Tunisia,Cameroon,Mongolia,Switzerland,A
8,beginner,poland,Poland,beginner/poland.svg,Which country does this flag belong to?,Cook Islands,Poland,Latvia,Pitcairn,Poland,B
9,beginner,venezuela_bolivarian,"Venezuela, Bolivarian Republic of",beginner/venezuela_bolivarian.svg,Which country does this flag belong to?,Vanuatu,Taiwan (Republic of China),Western Sahara,"Venezuela, Bolivarian Republic of","Venezuela, Bolivarian Republic of",D
10,beginner,lebanon,Lebanon,beginner/lebanon.svg,Which country does this flag belong to?,Benin,Lebanon,Mayotte,Tuvalu,Lebanon,B
11,beginner,thailand,Thailand,beginner/thailand.svg,Which country does this flag belong to?,Costa Rica,Thailand,Latvia,Isle of Man,Thailand,B
12,beginner,paraguay,Paraguay,beginner/paraguay.svg,Which country does this flag belong to?,Kingdom of Eswatini,Nigeria,Montserrat,Paraguay,Paraguay,D
13,beginner,latvia,Latvia,beginner/latvia.svg,Which country does this flag belong to?,Russian Federation,Czech Republic,Latvia,Cambodia,Latvia,C
14,beginner,philippines,Philippines,beginner/philippines.svg,Which country does this flag belong to?,"Virgin Islands, British",Philippines,England,India,Philippines,B
15,beginner,cyprus,Cyprus,beginner/cyprus.svg,Which country does this flag belong to?,Cambodia,Chile,Cyprus,Tokelau,Cyprus,C
16,beginner,ecuador,Ecuador,beginner/ecuador.svg,Which country does this flag belong to?,Ecuador,Åland Islands,Jamaica,Mongolia,Ecuador,A
17,beginner,finland,Finland,beginner/finland.svg,Which country does this flag belong to?,Liberia,Turks and Caicos Islands,South Sudan,Finland,Finland,D
18,beginner,libya,Libya,beginner/libya.svg,Which country does this flag belong to?,Cook Islands,French Southern Territories,Libya,Slovenia,Libya,C
19,beginner,costa_rica,Costa Rica,beginner/costa_rica.svg,Which country does this flag belong to?,Saint Kitts and Nevis,Puerto Rico,Costa Rica,Antigua and Barbuda,Costa Rica,C
20,beginner,ghana,Ghana,beginner/ghana.svg,Which country does this flag belong to?,Greenland,Kazakhstan,Ghana,Falkland Islands,Ghana,C
21,beginner,singapore,Singapore,beginner/singapore.svg,Which country does this flag belong to?,Singapore,Kenya,Kiribati,Zimbabwe,Singapore,A
22,beginner,fiji,Fiji,beginner/fiji.svg,Which country does this flag belong to?,Réunion,French Southern Territories,Fiji,Syrian Arab Republic,Fiji,C
23,beginner,ireland,Ireland,beginner/ireland.svg,Which country does this flag belong to?,Turkmenistan,Samoa,Cameroon,Ireland,Ireland,D
24,beginner,bangladesh,Bangladesh,beginner/bangladesh.svg,Which country does this flag belong to?,Tuvalu,Bangladesh,Albania,Republic of Türkiye,Bangladesh,B
25,beginner,cameroon,Cameroon,beginner/cameroon.svg,Which country does this flag belong to?,Cameroon,Suriname,Mongolia,Belize,Cameroon,A
26,beginner,tunisia,Tunisia,beginner/tunisia.svg,Which country does this flag belong to?,Cape Verde,Cayman Islands,Martinique,Tunisia,Tunisia,D
27,beginner,monaco,Monaco,beginner/monaco.svg,Which country does this flag belong to?,Monaco,Korea Democratic Peoples,Mozambique,Greenland,Monaco,A
28,beginner,saudi_arabia,Saudi Arabia,beginner/saudi_arabia.svg,Which country does this flag belong to?,"Bolivia, Plurinational State of",Saudi Arabia,Mauritania,Indonesia,Saudi Arabia,B
29,beginner,colombia,Colombia,beginner/colombia.svg,Which country does this flag belong to?,Guadeloupe,Colombia,Trinidad and Tobago,Guam,Colombia,B
30,beginner,indonesia,Indonesia,beginner/indonesia.svg,Which country does this flag belong to?,Angola,Indonesia,Saudi Arabia,Puerto Rico,Indonesia,B
31,beginner,papua_new_guinea,Papua New Guinea,beginner/papua_new_guinea.svg,Which country does this flag belong to?,Holy See,Papua New Guinea,Anguilla,Spain,Papua New Guinea,B
32,beginner,brazil,Brazil,beginner/brazil.svg,Which country does this flag belong to?,Denmark,Somalia,Caribbean Netherlands,Brazil,Brazil,D
33,beginner,slovakia,Slovakia,beginner/slovakia.svg,Which country does this flag belong to?,Trinidad and Tobago,Benin,Slovakia,Faroe Islands,Slovakia,C
34,beginner,pakistan,Pakistan,beginner/pakistan.svg,Which country does this flag belong to?,Trinidad and Tobago,France,Saint Kitts and Nevis,Pakistan,Pakistan,D
35,beginner,honduras,Honduras,beginner/honduras.svg,Which country does this flag belong to?,Libya,Hong Kong,Honduras,Guernsey,Honduras,C
36,beginner,china,China,beginner/china.svg,Which country does this flag belong to?,China,Saint Martin,Greece,Uzbekistan,China,A
37,beginner,kenya,Kenya,beginner/kenya.svg,Which country does this flag belong to?,Kenya,Northern Mariana Islands,Croatia,Gibraltar,Kenya,A
38,beginner,lithuania,Lithuania,beginner/lithuania.svg,Which country does this flag belong to?,Lithuania,Kyrgyzstan,French Southern Territories,England,Lithuania,A
39,beginner,netherlands,Netherlands,beginner/netherlands.svg,Which country does this flag belong to?,Zimbabwe,Austria,Papua New Guinea,Netherlands,Netherlands,D
40,beginner,luxembourg,Luxembourg,beginner/luxembourg.svg,Which country does this flag belong to?,Morocco,Martinique,Luxembourg,Macao,Luxembourg,C
41,beginner,spain,Spain,beginner/spain.svg,Which country does this flag belong to?,Ecuador,Mauritius,Spain,Côte d'Ivoire,Spain,C
42,beginner,albania,Albania,beginner/albania.svg,Which country does this flag belong to?,Albania,Liechtenstein,Costa Rica,Cayman Islands,Albania,A
43,beginner,germany,Germany,beginner/germany.svg,Which country does this flag belong to?,Uganda,Croatia,Germany,Pakistan,Germany,C
44,beginner,greece,Greece,beginner/greece.svg,Which country does this flag belong to?,Dominica,Cook Islands,Bosnia and Herzegovina,Greece,Greece,D
45,beginner,chile,Chile,beginner/chile.svg,Which country does this flag belong to?,"Virgin Islands, British",Chile,Bahrain,Myanmar,Chile,B
46,beginner,argentina,Argentina,beginner/argentina.svg,Which country does this flag belong to?,Madagascar,Sierra Leone,Solomon Islands,Argentina,Argentina,D
47,beginner,sri_lanka,Sri Lanka,beginner/sri_lanka.svg,Which country does this flag belong to?,Pitcairn,Georgia,French Polynesia,Sri Lanka,Sri Lanka,D
48,beginner,hungary,Hungary,beginner/hungary.svg,Which country does this flag belong to?,Mozambique,Hungary,Qatar,Bosnia and Herzegovina,Hungary,B
49,beginner,cuba,Cuba,beginner/cuba.svg,Which country does this flag belong to?,Botswana,Zimbabwe,Sweden,Cuba,Cuba,D
50,beginner,bosnia_and_herzegovina,Bosnia and Herzegovina,beginner/bosnia_and_herzegovina.svg,Which country does this flag belong to?,Latvia,Kyrgyzstan,Uganda,Bosnia and Herzegovina,Bosnia and Herzegovina,D
51,beginner,serbia,Serbia,beginner/serbia.svg,Which country does this flag belong to?,Dominica,Germany,Serbia,Nicaragua,Serbia,C
52,beginner,ethiopia,Ethiopia,beginner/ethiopia.svg,Which country does this flag belong to?,Ecuador,"Congo, the Democratic Republic of the",Ethiopia,Germany,Ethiopia,C
53,beginner,estonia,Estonia,beginner/estonia.svg,Which country does this flag belong to?,Estonia,Northern Mariana Islands,Malta,Malawi,Estonia,A
54,beginner,australia,Australia,beginner/australia.svg,Which country does this flag belong to?,"Tanzania, United Republic of",Bouvet Island,Australia,Scotland,Australia,C
55,beginner,india,India,beginner/india.svg,Which country does this flag belong to?,"Bolivia, Plurinational State of",Lesotho,Panama,India,India,D
56,beginner,croatia,Croatia,beginner/croatia.svg,Which country does this flag belong to?,Cyprus,Barbados,Slovenia,Croatia,Croatia,D
57,beginner,panama,Panama,beginner/panama.svg,Which country does this flag belong to?,Montserrat,Grenada,Panama,United Arab Emirates,Panama,C
58,beginner,uruguay,Uruguay,beginner/uruguay.svg,Which country does this flag belong to?,"Saint Helena, Ascension and Tristan da Cunha",Libya,Hungary,Uruguay,Uruguay,D
59,beginner,austria,Austria,beginner/austria.svg,Which country does this flag belong to?,Antigua and Barbuda,Austria,Papua New Guinea,Azerbaijan,Austria,B
60,beginner,morocco,Morocco,beginner/morocco.svg,Which country does this flag belong to?,Niger,Morocco,Mayotte,Singapore,Morocco,B
61,beginner,nigeria,Nigeria,beginner/nigeria.svg,Which country does this flag belong to?,Nigeria,Sint Maarten,Slovenia,England,Nigeria,A
62,beginner,belgium,Belgium,beginner/belgium.svg,Which country does this flag belong to?,Belgium,El Salvador,Pakistan,England,Belgium,A
63,beginner,france,France,beginner/france.svg,Which country does this flag belong to?,French Guiana,Northern Mariana Islands,Comoros,France,France,D
64,beginner,portugal,Portugal,beginner/portugal.svg,Which country does this flag belong to?,Armenia,Tunisia,Guyana,Portugal,Portugal,D
65,beginner,zimbabwe,Zimbabwe,beginner/zimbabwe.svg,Which country does this flag belong to?,Angola,Pakistan,Zimbabwe,Malta,Zimbabwe,C
66,beginner,malaysia,Malaysia,beginner/malaysia.svg,Which country does this flag belong to?,Malaysia,Oman,Iceland,Spain,Malaysia,A
67,beginner,japan,Japan,beginner/japan.svg,Which country does this flag belong to?,Faroe Islands,Haiti,Solomon Islands,Japan,Japan,D
68,beginner,united_states,United States,beginner/united_states.svg,Which country does this flag belong to?,Saint Pierre and Miquelon,United States,Monaco,Heard Island and McDonald Islands,United States,B
69,beginner,malta,Malta,beginner/malta.svg,Which country does this flag belong to?,Malta,Saudi Arabia,Kiribati,Niue,Malta,A
70,beginner,peru,Peru,beginner/peru.svg,Which country does this flag belong to?,Sint Maarten,Yemen,Peru,Australia,Peru,C
71,beginner,jamaica,Jamaica,beginner/jamaica.svg,Which country does this flag belong to?,Caribbean Netherlands,Angola,Zimbabwe,Jamaica,Jamaica,D
72,beginner,algeria,Algeria,beginner/algeria.svg,Which country does this flag belong to?,Jamaica,Paraguay,Benin,Algeria,Algeria,D
73,beginner,sweden,Sweden,beginner/sweden.svg,Which country does this flag belong to?,Sweden,United States,Hong Kong,Tonga,Sweden,A
74,beginner,iceland,Iceland,beginner/iceland.svg,Which country does this flag belong to?,Martinique,Isle of Man,Sudan,Iceland,Iceland,D
75,beginner,vietnam,Vietnam,beginner/vietnam.svg,Which country does this flag belong to?,South Georgia and the South Sandwich Islands,Vietnam,Greenland,Antigua and Barbuda,Vietnam,B
76,beginner,new_zealand,New Zealand,beginner/new_zealand.svg,Which country does this flag belong to?,Oman,New Zealand,Syrian Arab Republic,Russian Federation,New Zealand,B
77,beginner,bolivia_plurinational,"Bolivia, Plurinational State of",beginner/bolivia_plurinational.svg,Which country does this flag belong to?,Mexico,Maldives,Thailand,"Bolivia, Plurinational State of","Bolivia, Plurinational State of",D
78,beginner,israel,Israel,beginner/israel.svg,Which country does this flag belong to?,Cocos Islands,Portugal,Korea Democratic Peoples,Israel,Israel,D
79,beginner,united_kingdom,United Kingdom,beginner/united_kingdom.svg,Which country does this flag belong to?,Barbados,Mayotte,United Kingdom,Taiwan (Republic of China),United Kingdom,C
80,beginner,mexico,Mexico,beginner/mexico.svg,Which country does this flag belong to?,French Polynesia,Mexico,Rwanda,Taiwan (Republic of China),Mexico,B
81,beginner,ukraine,Ukraine,beginner/ukraine.svg,Which country does this flag belong to?,Western Sahara,Ukraine,Argentina,British Indian Ocean Territory,Ukraine,B
82,beginner,slovenia,Slovenia,beginner/slovenia.svg,Which country does this flag belong to?,Spain,Saint Barthélemy,Malta,Slovenia,Slovenia,D
83,beginner,egypt,Egypt,beginner/egypt.svg,Which country does this flag belong to?,Egypt,Gabon,Panama,Palau,Egypt,A
84,beginner,denmark,Denmark,beginner/denmark.svg,Which country does this flag belong to?,Guinea,Northern Ireland,Denmark,United Kingdom,Denmark,C
85,beginner,nepal,Nepal,beginner/nepal.svg,Which country does this flag belong to?,French Southern Territories,Nepal,American Samoa,Bosnia and Herzegovina,Nepal,B
86,intermediate,liechtenstein,Liechtenstein,intermediate/liechtenstein.svg,Which country does this flag belong to?,Liechtenstein,Lesotho,Haiti,Burundi,Liechtenstein,A
87,intermediate,iraq,Iraq,intermediate/iraq.svg,Which country does this flag belong to?,Bermuda,Liberia,Iraq,Solomon Islands,Iraq,C
88,intermediate,georgia,Georgia,intermediate/georgia.svg,Which country does this flag belong to?,Georgia,Saint Lucia,Cape Verde,Trinidad and Tobago,Georgia,A
89,intermediate,togo,Togo,intermediate/togo.svg,Which country does this flag belong to?,Togo,Mali,Oman,Malta,Togo,A
90,intermediate,bulgaria,Bulgaria,intermediate/bulgaria.svg,Which country does this flag belong to?,Algeria,Solomon Islands,Saudi Arabia,Bulgaria,Bulgaria,D
91,intermediate,kuwait,Kuwait,intermediate/kuwait.svg,Which country does this flag belong to?,Macao,Vanuatu,Kuwait,Côte d'Ivoire,Kuwait,C
92,intermediate,virgin_islands_british,"Virgin Islands, British",intermediate/virgin_islands_british.svg,Which country does this flag belong to?,"Virgin Islands, British",Lebanon,French Southern Territories,Monaco,"Virgin Islands, British",A
93,intermediate,tajikistan,Tajikistan,intermediate/tajikistan.svg,Which country does this flag belong to?,Tajikistan,Saint Pierre and Miquelon,Czech Republic,"Saint Helena, Ascension and Tristan da Cunha",Tajikistan,A
94,intermediate,korea,"Korea, Republic of",intermediate/korea.svg,Which country does this flag belong to?,"Korea, Republic of",Cocos Islands,Singapore,American Samoa,"Korea, Republic of",A
95,intermediate,maldives,Maldives,intermediate/maldives.svg,Which country does this flag belong to?,Maldives,Uruguay,Central African Republic,Canada,Maldives,A
96,intermediate,oman,Oman,intermediate/oman.svg,Which country does this flag belong to?,Oman,"Congo, the Democratic Republic of the",Barbados,Bermuda,Oman,A
97,intermediate,anguilla,Anguilla,intermediate/anguilla.svg,Which country does this flag belong to?,Russian Federation,Panama,Ghana,Anguilla,Anguilla,D
98,intermediate,vanuatu,Vanuatu,intermediate/vanuatu.svg,Which country does this flag belong to?,Vanuatu,Saint Barthélemy,Uganda,Monaco,Vanuatu,A
99,intermediate,mongolia,Mongolia,intermediate/mongolia.svg,Which country does this flag belong to?,Indonesia,Mongolia,Sierra Leone,Kosovo,Mongolia,B
100,intermediate,suriname,Suriname,intermediate/suriname.svg,Which country does this flag belong to?,Nepal,Brunei Darussalam,Suriname,Wallis and Futuna Islands,Suriname,C
101,intermediate,chad,Chad,intermediate/chad.svg,Which country does this flag belong to?,Moldova,Bhutan,Chad,Sierra Leone,Chad,C
102,intermediate,jordan,Jordan,intermediate/jordan.svg,Which country does this flag belong to?,Anguilla,Jordan,Burkina Faso,Solomon Islands,Jordan,B
103,intermediate,kazakhstan,Kazakhstan,intermediate/kazakhstan.svg,Which country does this flag belong to?,Kazakhstan,Greenland,Ireland,Slovakia,Kazakhstan,A
104,intermediate,french_southern_territories,French Southern Territories,intermediate/french_southern_territories.svg,Which country does this flag belong to?,Burkina Faso,French Southern Territories,Costa Rica,Germany,French Southern Territories,B
105,intermediate,azerbaijan,Azerbaijan,intermediate/azerbaijan.svg,Which country does this flag belong to?,French Guiana,Cayman Islands,Sao Tome and Principe,Azerbaijan,Azerbaijan,D
106,intermediate,dominica,Dominica,intermediate/dominica.svg,Which country does this flag belong to?,Turkmenistan,Bahamas,Dominica,Bouvet Island,Dominica,C
107,intermediate,myanmar,Myanmar,intermediate/myanmar.svg,Which country does this flag belong to?,"Saint Helena, Ascension and Tristan da Cunha",Falkland Islands,Myanmar,Czech Republic,Myanmar,C
108,intermediate,wallis_and_futuna_islands,Wallis and Futuna Islands,intermediate/wallis_and_futuna_islands.svg,Which country does this flag belong to?,Wallis and Futuna Islands,Faroe Islands,Cocos Islands,Ethiopia,Wallis and Futuna Islands,A
109,intermediate,niger,Niger,intermediate/niger.svg,Which country does this flag belong to?,Djibouti,Benin,Niger,Panama,Niger,C
110,intermediate,bahrain,Bahrain,intermediate/bahrain.svg,Which country does this flag belong to?,Bahrain,French Guiana,Saint Lucia,Brazil,Bahrain,A
111,intermediate,sudan,Sudan,intermediate/sudan.svg,Which country does this flag belong to?,Turks and Caicos Islands,Sudan,Andorra,Bosnia and Herzegovina,Sudan,B
112,intermediate,belarus,Belarus,intermediate/belarus.svg,Which country does this flag belong to?,Azerbaijan,Tokelau,Belarus,Colombia,Belarus,C
113,intermediate,mauritania,Mauritania,intermediate/mauritania.svg,Which country does this flag belong to?,Romania,Kyrgyzstan,Sao Tome and Principe,Mauritania,Mauritania,D
114,intermediate,mali,Mali,intermediate/mali.svg,Which country does this flag belong to?,Saint Vincent and the Grenadines,Mali,Cyprus,Guyana,Mali,B
115,intermediate,montenegro,Montenegro,intermediate/montenegro.svg,Which country does this flag belong to?,Montenegro,Jordan,Singapore,Ireland,Montenegro,A
116,intermediate,qatar,Qatar,intermediate/qatar.svg,Which country does this flag belong to?,Chad,Qatar,Ireland,Mozambique,Qatar,B
117,intermediate,micronesia,"Micronesia, Federated States of",intermediate/micronesia.svg,Which country does this flag belong to?,Norfolk Island,"Micronesia, Federated States of",Palau,Holy See,"Micronesia, Federated States of",B
118,intermediate,czech_republic,Czech Republic,intermediate/czech_republic.svg,Which country does this flag belong to?,Switzerland,Czech Republic,Antigua and Barbuda,Mauritius,Czech Republic,B
119,intermediate,central_african_republic,Central African Republic,intermediate/central_african_republic.svg,Which country does this flag belong to?,Martinique,Central African Republic,Spain,Yemen,Central African Republic,B
120,intermediate,botswana,Botswana,intermediate/botswana.svg,Which country does this flag belong to?,Ecuador,Botswana,Guatemala,England,Botswana,B
121,intermediate,namibia,Namibia,intermediate/namibia.svg,Which country does this flag belong to?,Grenada,Namibia,China,Liberia,Namibia,B
122,intermediate,gabon,Gabon,intermediate/gabon.svg,Which country does this flag belong to?,Finland,Djibouti,United States,Gabon,Gabon,D
123,intermediate,guinea-bissau,Guinea-Bissau,intermediate/guinea-bissau.svg,Which country does this flag belong to?,Kingdom of Eswatini,Honduras,Guinea-Bissau,Botswana,Guinea-Bissau,C
124,intermediate,dominican_republic,Dominican Republic,intermediate/dominican_republic.svg,Which country does this flag belong to?,Dominican Republic,American Samoa,Philippines,Kosovo,Dominican Republic,A
125,intermediate,senegal,Senegal,intermediate/senegal.svg,Which country does this flag belong to?,Senegal,Philippines,Marshall Islands,Norfolk Island,Senegal,A
126,intermediate,nicaragua,Nicaragua,intermediate/nicaragua.svg,Which country does this flag belong to?,Russian Federation,Kenya,Dominica,Nicaragua,Nicaragua,D
127,intermediate,caribbean_netherlands,Caribbean Netherlands,intermediate/caribbean_netherlands.svg,Which country does this flag belong to?,Nauru,Moldova,South Africa,Caribbean Netherlands,Caribbean Netherlands,D
128,intermediate,samoa,Samoa,intermediate/samoa.svg,Which country does this flag belong to?,Nauru,Tajikistan,Samoa,Christmas Island,Samoa,C
129,intermediate,san_marino,San Marino,intermediate/san_marino.svg,Which country does this flag belong to?,Senegal,San Marino,Zambia,New Zealand,San Marino,B
130,intermediate,united_arab_emirates,United Arab Emirates,intermediate/united_arab_emirates.svg,Which country does this flag belong to?,United Arab Emirates,Nigeria,Saint Martin,Uzbekistan,United Arab Emirates,A
131,intermediate,angola,Angola,intermediate/angola.svg,Which country does this flag belong to?,Thailand,Turks and Caicos Islands,Samoa,Angola,Angola,D
132,intermediate,turkmenistan,Turkmenistan,intermediate/turkmenistan.svg,Which country does this flag belong to?,Turkmenistan,Mauritania,"Virgin Islands, British",Zimbabwe,Turkmenistan,A
133,intermediate,north_macedonia,North Macedonia,intermediate/north_macedonia.svg,Which country does this flag belong to?,Sint Maarten,Antigua and Barbuda,North Macedonia,Libya,North Macedonia,C
134,intermediate,laos,Laos,intermediate/laos.svg,Which country does this flag belong to?,Belarus,Laos,Burundi,"Tanzania, United Republic of",Laos,B
135,intermediate,us_minor_outlying_islands,US Minor Outlying Islands,intermediate/us_minor_outlying_islands.svg,Which country does this flag belong to?,Nigeria,Solomon Islands,Guinea,US Minor Outlying Islands,US Minor Outlying Islands,D
136,intermediate,canada,Canada,intermediate/canada.svg,Which country does this flag belong to?,Kazakhstan,Saint Pierre and Miquelon,Canada,Thailand,Canada,C
137,intermediate,seychelles,Seychelles,intermediate/seychelles.svg,Which country does this flag belong to?,Seychelles,Albania,Northern Ireland,Mauritania,Seychelles,A
138,intermediate,virgin_islands_us,Virgin Islands Us,intermediate/virgin_islands_us.svg,Which country does this flag belong to?,Virgin Islands Us,Saudi Arabia,Senegal,Côte d'Ivoire,Virgin Islands Us,A
139,intermediate,mozambique,Mozambique,intermediate/mozambique.svg,Which country does this flag belong to?,Mozambique,Cook Islands,Iceland,Grenada,Mozambique,A
140,intermediate,uganda,Uganda,intermediate/uganda.svg,Which country does this flag belong to?,United States,Uganda,Timor-Leste,Scotland,Uganda,B
141,intermediate,kosovo,Kosovo,intermediate/kosovo.svg,Which country does this flag belong to?,Wallis and Futuna Islands,Kosovo,Benin,Comoros,Kosovo,B
142,intermediate,uzbekistan,Uzbekistan,intermediate/uzbekistan.svg,Which country does this flag belong to?,Honduras,Uzbekistan,French Guiana,Belgium,Uzbekistan,B
143,intermediate,martinique,Martinique,intermediate/martinique.svg,Which country does this flag belong to?,"Saint Helena, Ascension and Tristan da Cunha",Martinique,American Samoa,Germany,Martinique,B
144,intermediate,moldova,Moldova,intermediate/moldova.svg,Which country does this flag belong to?,Moldova,Saint Lucia,Switzerland,French Polynesia,Moldova,A
145,intermediate,gambia,Gambia,intermediate/gambia.svg,Which country does this flag belong to?,Cuba,Georgia,Gambia,Austria,Gambia,C
146,intermediate,guyana,Guyana,intermediate/guyana.svg,Which country does this flag belong to?,Guyana,Albania,Singapore,Guam,Guyana,A
147,intermediate,saint_kitts_and_nevis,Saint Kitts and Nevis,intermediate/saint_kitts_and_nevis.svg,Which country does this flag belong to?,Slovenia,Jersey,Saint Kitts and Nevis,Albania,Saint Kitts and Nevis,C
148,intermediate,zambia,Zambia,intermediate/zambia.svg,Which country does this flag belong to?,Zambia,Uzbekistan,Ghana,Tuvalu,Zambia,A
149,intermediate,burkina_faso,Burkina Faso,intermediate/burkina_faso.svg,Which country does this flag belong to?,Burkina Faso,Ethiopia,Lithuania,Uruguay,Burkina Faso,A
150,intermediate,afghanistan,Afghanistan,intermediate/afghanistan.svg,Which country does this flag belong to?,Afghanistan,Slovakia,Switzerland,New Caledonia,Afghanistan,A
151,intermediate,syrian_arab_republic,Syrian Arab Republic,intermediate/syrian_arab_republic.svg,Which country does this flag belong to?,Qatar,Syrian Arab Republic,Guam,Gambia,Syrian Arab Republic,B
152,intermediate,macao,Macao,intermediate/macao.svg,Which country does this flag belong to?,Nauru,Australia,Macao,Kiribati,Macao,C
153,intermediate,saint_lucia,Saint Lucia,intermediate/saint_lucia.svg,Which country does this flag belong to?,Europe,Tokelau,Saint Lucia,Luxembourg,Saint Lucia,C
154,intermediate,belize,Belize,intermediate/belize.svg,Which country does this flag belong to?,Moldova,Belize,"Venezuela, Bolivarian Republic of",Tuvalu,Belize,B
155,intermediate,somalia,Somalia,intermediate/somalia.svg,Which country does this flag belong to?,Côte d'Ivoire,Czech Republic,Somalia,Estonia,Somalia,C
156,intermediate,yemen,Yemen,intermediate/yemen.svg,Which country does this flag belong to?,Yemen,"Tanzania, United Republic of",Armenia,Uruguay,Yemen,A
157,intermediate,tokelau,Tokelau,intermediate/tokelau.svg,Which country does this flag belong to?,Tokelau,Togo,Belarus,Antarctica,Tokelau,A
158,intermediate,haiti,Haiti,intermediate/haiti.svg,Which country does this flag belong to?,North Macedonia,"Iran, Islamic Republic of",Colombia,Haiti,Haiti,D
159,intermediate,brunei_darussalam,Brunei Darussalam,intermediate/brunei_darussalam.svg,Which country does this flag belong to?,Northern Ireland,Brunei Darussalam,Montenegro,Jordan,Brunei Darussalam,B
160,intermediate,mayotte,Mayotte,intermediate/mayotte.svg,Which country does this flag belong to?,Portugal,Israel,Equatorial Guinea,Mayotte,Mayotte,D
161,intermediate,armenia,Armenia,intermediate/armenia.svg,Which country does this flag belong to?,Rwanda,Saint Martin,Armenia,Nigeria,Armenia,C
162,intermediate,tuvalu,Tuvalu,intermediate/tuvalu.svg,Which country does this flag belong to?,Qatar,Tuvalu,Austria,Holy See,Tuvalu,B
163,intermediate,mauritius,Mauritius,intermediate/mauritius.svg,Which country does this flag belong to?,Mauritius,Bosnia and Herzegovina,South Sudan,Philippines,Mauritius,A
164,intermediate,cambodia,Cambodia,intermediate/cambodia.svg,Which country does this flag belong to?,Japan,Cambodia,Cayman Islands,Åland Islands,Cambodia,B
165,intermediate,tonga,Tonga,intermediate/tonga.svg,Which country does this flag belong to?,Sweden,Bouvet Island,Europe,Tonga,Tonga,D
166,intermediate,bhutan,Bhutan,intermediate/bhutan.svg,Which country does this flag belong to?,Dominica,Saint Pierre and Miquelon,Bhutan,Saint Lucia,Bhutan,C
167,intermediate,el_salvador,El Salvador,intermediate/el_salvador.svg,Which country does this flag belong to?,Nicaragua,Azerbaijan,Uruguay,El Salvador,El Salvador,D
168,intermediate,kyrgyzstan,Kyrgyzstan,intermediate/kyrgyzstan.svg,Which country does this flag belong to?,South Georgia and the South Sandwich Islands,Kenya,Kyrgyzstan,Malta,Kyrgyzstan,C
169,intermediate,madagascar,Madagascar,intermediate/madagascar.svg,Which country does this flag belong to?,Brunei Darussalam,Isle of Man,Madagascar,Haiti,Madagascar,C
170,intermediate,american_samoa,American Samoa,intermediate/american_samoa.svg,Which country does this flag belong to?,Saint Lucia,American Samoa,Saint Barthélemy,Western Sahara,American Samoa,B
171,high,saint_pierre_and_miquelon,Saint Pierre and Miquelon,high/saint_pierre_and_miquelon.svg,Which country does this flag belong to?,Niue,Saint Pierre and Miquelon,Slovenia,Croatia,Saint Pierre and Miquelon,B
172,high,cocos_islands,Cocos Islands,high/cocos_islands.svg,Which country does this flag belong to?,Cocos Islands,British Indian Ocean Territory,Benin,Aruba,Cocos Islands,A
173,high,england,England,high/england.svg,Which country does this flag belong to?,England,Colombia,China,Saint Barthélemy,England,A
174,high,sierra_leone,Sierra Leone,high/sierra_leone.svg,Which country does this flag belong to?,Comoros,Sierra Leone,Haiti,Chile,Sierra Leone,B
175,high,bermuda,Bermuda,high/bermuda.svg,Which country does this flag belong to?,Bermuda,Peru,Isle of Man,Moldova,Bermuda,A
176,high,korea_democratic_peoples,Korea Democratic Peoples,high/korea_democratic_peoples.svg,Which country does this flag belong to?,Jamaica,Falkland Islands,South Georgia and the South Sandwich Islands,Korea Democratic Peoples,Korea Democratic Peoples,D
177,high,equatorial_guinea,Equatorial Guinea,high/equatorial_guinea.svg,Which country does this flag belong to?,Belarus,Equatorial Guinea,Caribbean Netherlands,Togo,Equatorial Guinea,B
178,high,south_georgia_and_the_south_sandwich_islands,South Georgia and the South Sandwich Islands,high/south_georgia_and_the_south_sandwich_islands.svg,Which country does this flag belong to?,South Georgia and the South Sandwich Islands,Belarus,Bahrain,Svalbard and Jan Mayen Islands,South Georgia and the South Sandwich Islands,A
179,high,saint_vincent_and_the_grenadines,Saint Vincent and the Grenadines,high/saint_vincent_and_the_grenadines.svg,Which country does this flag belong to?,Saint Vincent and the Grenadines,Syrian Arab Republic,Antigua and Barbuda,Eritrea,Saint Vincent and the Grenadines,A
180,high,tanzania_united,"Tanzania, United Republic of",high/tanzania_united.svg,Which country does this flag belong to?,"Tanzania, United Republic of",Kenya,Tonga,Christmas Island,"Tanzania, United Republic of",A
181,high,new_caledonia,New Caledonia,high/new_caledonia.svg,Which country does this flag belong to?,New Caledonia,Georgia,Turks and Caicos Islands,Faroe Islands,New Caledonia,A
182,high,isle_of_man,Isle of Man,high/isle_of_man.svg,Which country does this flag belong to?,"Korea, Republic of",Isle of Man,Germany,Nauru,Isle of Man,B
183,high,côte_divoire,Côte d'Ivoire,high/côte_divoire.svg,Which country does this flag belong to?,Hong Kong,Côte d'Ivoire,Slovakia,French Guiana,Côte d'Ivoire,B
184,high,jersey,Jersey,high/jersey.svg,Which country does this flag belong to?,Ghana,Tonga,Mali,Jersey,Jersey,D
185,high,sint_maarten,Sint Maarten,high/sint_maarten.svg,Which country does this flag belong to?,Sint Maarten,Fiji,Montserrat,Jersey,Sint Maarten,A
186,high,guam,Guam,high/guam.svg,Which country does this flag belong to?,Indonesia,"Bolivia, Plurinational State of",Sudan,Guam,Guam,D
187,high,aruba,Aruba,high/aruba.svg,Which country does this flag belong to?,Aruba,Belize,Panama,Guinea,Aruba,A
188,high,pitcairn,Pitcairn,high/pitcairn.svg,Which country does this flag belong to?,Bhutan,Pitcairn,South Georgia and the South Sandwich Islands,Saint Barthélemy,Pitcairn,B
189,high,scotland,Scotland,high/scotland.svg,Which country does this flag belong to?,Taiwan (Republic of China),Uruguay,Scotland,Sierra Leone,Scotland,C
190,high,british_indian_ocean_territory,British Indian Ocean Territory,high/british_indian_ocean_territory.svg,Which country does this flag belong to?,Turkmenistan,Afghanistan,British Indian Ocean Territory,Andorra,British Indian Ocean Territory,C
191,high,europe,Europe,high/europe.svg,Which country does this flag belong to?,Europe,Greece,Suriname,Somalia,Europe,A
192,high,kiribati,Kiribati,high/kiribati.svg,Which country does this flag belong to?,United Arab Emirates,Ireland,Kiribati,Luxembourg,Kiribati,C
193,high,barbados,Barbados,high/barbados.svg,Which country does this flag belong to?,Cyprus,Barbados,Rwanda,Uruguay,Barbados,B
194,high,french_guiana,French Guiana,high/french_guiana.svg,Which country does this flag belong to?,French Guiana,Pitcairn,Virgin Islands Us,Wales,French Guiana,A
195,high,christmas_island,Christmas Island,high/christmas_island.svg,Which country does this flag belong to?,Christmas Island,Caribbean Netherlands,Saint Martin,Saint Pierre and Miquelon,Christmas Island,A
196,high,marshall_islands,Marshall Islands,high/marshall_islands.svg,Which country does this flag belong to?,Marshall Islands,Guernsey,Virgin Islands Us,Papua New Guinea,Marshall Islands,A
197,high,holy_see,Holy See,high/holy_see.svg,Which country does this flag belong to?,Holy See,Belarus,Uruguay,Croatia,Holy See,A
198,high,turks_and_caicos_islands,Turks and Caicos Islands,high/turks_and_caicos_islands.svg,Which country does this flag belong to?,Turks and Caicos Islands,Kyrgyzstan,Montserrat,Mozambique,Turks and Caicos Islands,A
199,high,burundi,Burundi,high/burundi.svg,Which country does this flag belong to?,Canada,Réunion,Burundi,Montenegro,Burundi,C
200,high,south_sudan,South Sudan,high/south_sudan.svg,Which country does this flag belong to?,Lithuania,South Sudan,Myanmar,Anguilla,South Sudan,B
201,high,andorra,Andorra,high/andorra.svg,Which country does this flag belong to?,Andorra,"Tanzania, United Republic of",Mauritius,Germany,Andorra,A
202,high,malawi,Malawi,high/malawi.svg,Which country does this flag belong to?,Marshall Islands,Mozambique,Malawi,Uganda,Malawi,C
203,high,saint_barthélemy,Saint Barthélemy,high/saint_barthélemy.svg,Which country does this flag belong to?,Sierra Leone,Saint Barthélemy,Chad,Cook Islands,Saint Barthélemy,B
204,high,republic_of_türkiye,Republic of Türkiye,high/republic_of_türkiye.svg,Which country does this flag belong to?,Republic of Türkiye,"Micronesia, Federated States of",British Indian Ocean Territory,Kenya,Republic of Türkiye,A
205,high,guinea,Guinea,high/guinea.svg,Which country does this flag belong to?,Guinea,Egypt,US Minor Outlying Islands,Europe,Guinea,A
206,high,french_polynesia,French Polynesia,high/french_polynesia.svg,Which country does this flag belong to?,Armenia,French Polynesia,Solomon Islands,"Bolivia, Plurinational State of",French Polynesia,B
207,high,bahamas,Bahamas,high/bahamas.svg,Which country does this flag belong to?,Vietnam,Republic of the Congo,Bahamas,Pitcairn,Bahamas,C
208,high,cook_islands,Cook Islands,high/cook_islands.svg,Which country does this flag belong to?,El Salvador,Marshall Islands,Saudi Arabia,Cook Islands,Cook Islands,D
209,high,rwanda,Rwanda,high/rwanda.svg,Which country does this flag belong to?,Gibraltar,"Korea, Republic of",Zambia,Rwanda,Rwanda,D
210,high,guernsey,Guernsey,high/guernsey.svg,Which country does this flag belong to?,Guernsey,Bouvet Island,Botswana,Sint Maarten,Guernsey,A
211,high,curaçao,Curaçao,high/curaçao.svg,Which country does this flag belong to?,Cook Islands,Curaçao,Djibouti,Ethiopia,Curaçao,B
212,high,northern_ireland,Northern Ireland,high/northern_ireland.svg,Which country does this flag belong to?,Russian Federation,Northern Ireland,Svalbard and Jan Mayen Islands,Europe,Northern Ireland,B
213,high,timor-leste,Timor-Leste,high/timor-leste.svg,Which country does this flag belong to?,Afghanistan,Malaysia,Timor-Leste,Greece,Timor-Leste,C
214,high,benin,Benin,high/benin.svg,Which country does this flag belong to?,Mexico,Benin,Pakistan,Grenada,Benin,B
215,high,russian_federation,Russian Federation,high/russian_federation.svg,Which country does this flag belong to?,Saint Kitts and Nevis,Russian Federation,China,Gabon,Russian Federation,B
216,high,svalbard_and_jan_mayen_islands,Svalbard and Jan Mayen Islands,high/svalbard_and_jan_mayen_islands.svg,Which country does this flag belong to?,Svalbard and Jan Mayen Islands,Scotland,Haiti,Indonesia,Svalbard and Jan Mayen Islands,A
217,high,liberia,Liberia,high/liberia.svg,Which country does this flag belong to?,Liberia,Cameroon,Mexico,Mauritius,Liberia,A
218,high,eritrea,Eritrea,high/eritrea.svg,Which country does this flag belong to?,Cayman Islands,Cyprus,Eritrea,US Minor Outlying Islands,Eritrea,C
219,high,saint_helena_ascension_and_tristan_da_cunha,"Saint Helena, Ascension and Tristan da Cunha",high/saint_helena_ascension_and_tristan_da_cunha.svg,Which country does this flag belong to?,"Saint Helena, Ascension and Tristan da Cunha",Philippines,Poland,France,"Saint Helena, Ascension and Tristan da Cunha",A
220,high,montserrat,Montserrat,high/montserrat.svg,Which country does this flag belong to?,El Salvador,Montserrat,Korea Democratic Peoples,San Marino,Montserrat,B
221,high,palau,Palau,high/palau.svg,Which country does this flag belong to?,"Virgin Islands, British",Nigeria,Virgin Islands Us,Palau,Palau,D
222,high,cayman_islands,Cayman Islands,high/cayman_islands.svg,Which country does this flag belong to?,Cayman Islands,Nauru,Zambia,United Arab Emirates,Cayman Islands,A
223,high,kingdom_of_eswatini,Kingdom of Eswatini,high/kingdom_of_eswatini.svg,Which country does this flag belong to?,Greenland,Kingdom of Eswatini,"Saint Helena, Ascension and Tristan da Cunha",United Kingdom,Kingdom of Eswatini,B
224,high,palestine,Palestine,high/palestine.svg,Which country does this flag belong to?,Zambia,Christmas Island,"Bolivia, Plurinational State of",Palestine,Palestine,D
225,high,antarctica,Antarctica,high/antarctica.svg,Which country does this flag belong to?,Zimbabwe,Lebanon,Antarctica,Saint Vincent and the Grenadines,Antarctica,C
226,high,trinidad_and_tobago,Trinidad and Tobago,high/trinidad_and_tobago.svg,Which country does this flag belong to?,Ireland,Wallis and Futuna Islands,Trinidad and Tobago,Åland Islands,Trinidad and Tobago,C
227,high,norfolk_island,Norfolk Island,high/norfolk_island.svg,Which country does this flag belong to?,Norfolk Island,Czech Republic,Kosovo,India,Norfolk Island,A
228,high,greenland,Greenland,high/greenland.svg,Which country does this flag belong to?,Greenland,Timor-Leste,San Marino,Grenada,Greenland,A
229,high,niue,Niue,high/niue.svg,Which country does this flag belong to?,Gabon,South Sudan,China,Niue,Niue,D
230,high,sao_tome_and_principe,Sao Tome and Principe,high/sao_tome_and_principe.svg,Which country does this flag belong to?,Sao Tome and Principe,Seychelles,Bulgaria,Jordan,Sao Tome and Principe,A
231,high,réunion,Réunion,high/réunion.svg,Which country does this flag belong to?,Central African Republic,Libya,French Guiana,Réunion,Réunion,D
232,high,republic_of_the_congo,Republic of the Congo,high/republic_of_the_congo.svg,Which country does this flag belong to?,Republic of the Congo,Slovakia,Togo,Thailand,Republic of the Congo,A
233,high,congo_the_democratic_the,"Congo, the Democratic Republic of the",high/congo_the_democratic_the.svg,Which country does this flag belong to?,Caribbean Netherlands,Tokelau,"Congo, the Democratic Republic of the",Mexico,"Congo, the Democratic Republic of the",C
234,high,djibouti,Djibouti,high/djibouti.svg,Which country does this flag belong to?,Kenya,Djibouti,Vietnam,Equatorial Guinea,Djibouti,B
235,high,puerto_rico,Puerto Rico,high/puerto_rico.svg,Which country does this flag belong to?,Puerto Rico,Slovenia,Aruba,United Kingdom,Puerto Rico,A
236,high,falkland_islands,Falkland Islands,high/falkland_islands.svg,Which country does this flag belong to?,South Sudan,Singapore,Falkland Islands,Egypt,Falkland Islands,C
237,high,grenada,Grenada,high/grenada.svg,Which country does this flag belong to?,Lesotho,Germany,South Sudan,Grenada,Grenada,D
238,high,western_sahara,Western Sahara,high/western_sahara.svg,Which country does this flag belong to?,Ecuador,Western Sahara,Slovakia,Thailand,Western Sahara,B
239,high,northern_mariana_islands,Northern Mariana Islands,high/northern_mariana_islands.svg,Which country does this flag belong to?,Denmark,Ireland,Martinique,Northern Mariana Islands,Northern Mariana Islands,D
240,high,heard_island_and_mcdonald_islands,Heard Island and McDonald Islands,high/heard_island_and_mcdonald_islands.svg,Which country does this flag belong to?,Antigua and Barbuda,Tokelau,Mayotte,Heard Island and McDonald Islands,Heard Island and McDonald Islands,D
241,high,comoros,Comoros,high/comoros.svg,Which country does this flag belong to?,Indonesia,Comoros,Mayotte,Trinidad and Tobago,Comoros,B
242,high,wales,Wales,high/wales.svg,Which country does this flag belong to?,Thailand,Kyrgyzstan,Wales,"Virgin Islands, British",Wales,C
243,high,antigua_and_barbuda,Antigua and Barbuda,high/antigua_and_barbuda.svg,Which country does this flag belong to?,"Saint Helena, Ascension and Tristan da Cunha",Cambodia,Comoros,Antigua and Barbuda,Antigua and Barbuda,D
244,high,saint_martin,Saint Martin,high/saint_martin.svg,Which country does this flag belong to?,Antarctica,Liechtenstein,Ukraine,Saint Martin,Saint Martin,D
245,high,nauru,Nauru,high/nauru.svg,Which country does this flag belong to?,Saint Barthélemy,American Samoa,Nauru,"Congo, the Democratic Republic of the",Nauru,C
246,high,guadeloupe,Guadeloupe,high/guadeloupe.svg,Which country does this flag belong to?,Trinidad and Tobago,Guadeloupe,Senegal,Japan,Guadeloupe,B
247,high,bouvet_island,Bouvet Island,high/bouvet_island.svg,Which country does this flag belong to?,Saint Kitts and Nevis,Malta,Czech Republic,Bouvet Island,Bouvet Island,D
248,high,gibraltar,Gibraltar,high/gibraltar.svg,Which country does this flag belong to?,Madagascar,India,Gibraltar,Republic of Türkiye,Gibraltar,C
249,high,lesotho,Lesotho,high/lesotho.svg,Which country does this flag belong to?,Virgin Islands Us,Equatorial Guinea,Lesotho,Liechtenstein,Lesotho,C
250,high,cape_verde,Cape Verde,high/cape_verde.svg,Which country does this flag belong to?,Central African Republic,Réunion,Cape Verde,Czech Republic,Cape Verde,C
251,high,taiwan,Taiwan (Republic of China),high/taiwan.svg,Which country does this flag belong to?,Western Sahara,Taiwan (Republic of China),Jersey,Saint Barthélemy,Taiwan (Republic of China),B
252,high,hong_kong,Hong Kong,high/hong_kong.svg,Which country does this flag belong to?,Aruba,Hong Kong,Myanmar,Lithuania,Hong Kong,B
253,high,solomon_islands,Solomon Islands,high/solomon_islands.svg,Which country does this flag belong to?,Norfolk Island,Brazil,Chile,Solomon Islands,Solomon Islands,D
254,high,faroe_islands,Faroe Islands,high/faroe_islands.svg,Which country does this flag belong to?,Ukraine,Pakistan,Mauritius,Faroe Islands,Faroe Islands,D
255,high,åland_islands,Åland Islands,high/åland_islands.svg,Which country does this flag belong to?,Tunisia,Costa Rica,North Macedonia,Åland Islands,Åland Islands,D
